coronavirus tracking,covid19 data,python,javascript,react,coronavirus real time,coronavirus info,reactjs,api,covid 19 india,covid api,android,coronavirus analysis,machine learning,data visualization,deep learning,flutter,nodejs,dataset,visualization,dashboard,data,pandemic,data science,india,flask,r,data analysis,jupyter notebook,java,android app,epidemiology,open source,tracker,css,typescript,firebase,ios,html,vuejs,react native,docker,kotlin,material ui,covid 19 italy,chartjs,computer vision,health,dart,flutter apps,artificial intelligence,pandas,webapp,bootstrap,simulation,coronavirus globaloutbreak,rest api,angular,django,statistics,nlp,tensorflow,vue,convolutional neural networks,time series,json,golang,bot,coronavirus dataset,plotly,open data,telegram bot,social distancing,app,epidemic,virus,brazil,express,php,healthcare,twitter,map,country,html5,mask,covid19 dataset,covid 19 brazil,italy,react hooks,swift,matplotlib,heroku,wirvsvirus,contact tracing,pytorch,website,retrofit2,graphql,cli,csv,hackathon,spring boot,prediction,beautifulsoup4,axios,keras
1092.0,250.0,91.0,61.0,75.0,206.0,131.0,82.0,54.0,179.0,103.0,86.0,89.0,12.0,24.0,5.0,101.0,23.0,10.0,13.0,24.0,14.0,16.0,12.0,110.0,15.0,5.0,14.0,3.0,22.0,37.0,6.0,7.0,15.0,7.0,3.0,7.0,16.0,6.0,6.0,11.0,8.0,18.0,13.0,9.0,9.0,2.0,9.0,63.0,71.0,3.0,4.0,14.0,4.0,0.0,37.0,7.0,9.0,12.0,7.0,1.0,2.0,3.0,0.0,6.0,6.0,5.0,5.0,20.0,6.0,4.0,12.0,5.0,7.0,4.0,8.0,10.0,3.0,7.0,3.0,2.0,5.0,7.0,5.0,0.0,6.0,7.0,4.0,6.0,8.0,5.0,7.0,1.0,4.0,0.0,2.0,13.0,1.0,12.0,2.0,1.0,5.0,2.0,5.0,3.0,1.0
250.0,1075.0,120.0,19.0,23.0,83.0,76.0,23.0,50.0,107.0,114.0,16.0,58.0,13.0,33.0,9.0,18.0,16.0,44.0,17.0,23.0,18.0,8.0,17.0,56.0,8.0,21.0,12.0,12.0,5.0,10.0,12.0,6.0,3.0,5.0,3.0,3.0,4.0,4.0,1.0,1.0,8.0,3.0,2.0,26.0,5.0,3.0,4.0,7.0,10.0,6.0,10.0,5.0,3.0,2.0,20.0,8.0,7.0,2.0,6.0,2.0,3.0,1.0,1.0,9.0,12.0,3.0,5.0,22.0,4.0,14.0,5.0,1.0,2.0,4.0,2.0,4.0,3.0,4.0,1.0,5.0,4.0,5.0,4.0,1.0,20.0,9.0,10.0,1.0,2.0,7.0,2.0,1.0,0.0,2.0,1.0,3.0,2.0,4.0,8.0,0.0,1.0,4.0,6.0,1.0,2.0
91.0,120.0,1071.0,15.0,6.0,29.0,17.0,4.0,25.0,45.0,16.0,1.0,17.0,54.0,35.0,41.0,1.0,3.0,10.0,35.0,25.0,12.0,15.0,31.0,32.0,62.0,9.0,24.0,58.0,0.0,0.0,13.0,4.0,4.0,7.0,0.0,2.0,0.0,10.0,1.0,0.0,21.0,0.0,0.0,5.0,1.0,14.0,6.0,0.0,0.0,8.0,40.0,12.0,5.0,11.0,2.0,8.0,1.0,39.0,8.0,9.0,17.0,0.0,14.0,6.0,1.0,1.0,28.0,2.0,23.0,1.0,16.0,9.0,0.0,4.0,4.0,3.0,0.0,0.0,1.0,19.0,1.0,3.0,3.0,8.0,5.0,0.0,7.0,0.0,0.0,23.0,12.0,2.0,0.0,9.0,4.0,0.0,1.0,1.0,3.0,0.0,0.0,5.0,22.0,0.0,14.0
61.0,19.0,15.0,378.0,104.0,13.0,13.0,114.0,29.0,11.0,11.0,1.0,5.0,4.0,7.0,2.0,0.0,44.0,1.0,10.0,8.0,2.0,4.0,1.0,5.0,9.0,0.0,1.0,1.0,4.0,3.0,1.0,8.0,4.0,35.0,10.0,9.0,1.0,29.0,8.0,4.0,3.0,0.0,17.0,1.0,16.0,0.0,3.0,0.0,0.0,2.0,1.0,5.0,16.0,3.0,3.0,3.0,2.0,4.0,0.0,1.0,1.0,6.0,1.0,0.0,11.0,1.0,1.0,0.0,1.0,0.0,2.0,2.0,2.0,1.0,0.0,4.0,12.0,5.0,1.0,0.0,1.0,0.0,20.0,0.0,0.0,0.0,1.0,4.0,0.0,0.0,0.0,0.0,0.0,0.0,5.0,0.0,0.0,2.0,2.0,3.0,2.0,1.0,2.0,4.0,0.0
75.0,23.0,6.0,104.0,940.0,9.0,6.0,718.0,12.0,17.0,7.0,6.0,4.0,1.0,15.0,0.0,0.0,20.0,0.0,8.0,16.0,1.0,2.0,1.0,7.0,5.0,0.0,1.0,0.0,0.0,1.0,1.0,5.0,6.0,6.0,16.0,15.0,4.0,5.0,0.0,25.0,4.0,1.0,34.0,3.0,13.0,0.0,3.0,0.0,0.0,1.0,0.0,10.0,6.0,3.0,1.0,4.0,0.0,1.0,2.0,1.0,3.0,0.0,0.0,0.0,1.0,0.0,0.0,0.0,0.0,3.0,0.0,0.0,5.0,0.0,5.0,5.0,7.0,1.0,1.0,0.0,6.0,2.0,3.0,0.0,0.0,0.0,2.0,18.0,0.0,0.0,1.0,2.0,0.0,0.0,1.0,0.0,6.0,1.0,0.0,2.0,0.0,1.0,0.0,8.0,0.0
206.0,83.0,29.0,13.0,9.0,243.0,93.0,7.0,26.0,68.0,49.0,23.0,54.0,4.0,6.0,2.0,5.0,8.0,4.0,3.0,10.0,9.0,10.0,3.0,47.0,5.0,3.0,4.0,1.0,6.0,14.0,0.0,2.0,2.0,5.0,1.0,0.0,2.0,3.0,1.0,2.0,0.0,3.0,1.0,2.0,1.0,1.0,3.0,4.0,5.0,1.0,1.0,4.0,2.0,0.0,25.0,5.0,3.0,7.0,1.0,0.0,2.0,2.0,0.0,1.0,2.0,3.0,0.0,14.0,3.0,1.0,3.0,2.0,2.0,2.0,6.0,2.0,2.0,4.0,1.0,0.0,1.0,3.0,2.0,0.0,3.0,2.0,2.0,2.0,1.0,1.0,4.0,0.0,0.0,0.0,2.0,2.0,2.0,2.0,1.0,1.0,1.0,0.0,1.0,1.0,2.0
131.0,76.0,17.0,13.0,6.0,93.0,185.0,10.0,12.0,29.0,50.0,9.0,59.0,1.0,7.0,1.0,8.0,7.0,3.0,3.0,1.0,5.0,11.0,3.0,9.0,4.0,0.0,5.0,3.0,3.0,13.0,3.0,0.0,1.0,0.0,3.0,1.0,2.0,0.0,3.0,1.0,1.0,2.0,1.0,3.0,0.0,1.0,4.0,5.0,8.0,1.0,0.0,2.0,0.0,0.0,26.0,2.0,3.0,2.0,1.0,2.0,1.0,1.0,0.0,0.0,7.0,3.0,1.0,16.0,1.0,3.0,1.0,0.0,1.0,2.0,4.0,1.0,1.0,3.0,2.0,0.0,0.0,0.0,2.0,0.0,3.0,4.0,0.0,1.0,2.0,0.0,2.0,0.0,0.0,0.0,3.0,2.0,1.0,6.0,1.0,0.0,0.0,0.0,0.0,0.0,1.0
82.0,23.0,4.0,114.0,718.0,7.0,10.0,885.0,15.0,21.0,11.0,3.0,4.0,3.0,6.0,2.0,0.0,23.0,0.0,8.0,8.0,0.0,0.0,1.0,4.0,5.0,0.0,1.0,0.0,1.0,1.0,0.0,3.0,11.0,7.0,14.0,11.0,2.0,6.0,0.0,12.0,1.0,0.0,47.0,2.0,27.0,0.0,1.0,0.0,0.0,1.0,1.0,6.0,6.0,0.0,2.0,4.0,0.0,2.0,1.0,0.0,0.0,0.0,0.0,0.0,0.0,1.0,0.0,0.0,0.0,0.0,0.0,0.0,2.0,0.0,2.0,2.0,2.0,0.0,0.0,0.0,3.0,2.0,7.0,0.0,0.0,0.0,1.0,15.0,0.0,0.0,1.0,0.0,0.0,0.0,2.0,0.0,0.0,0.0,0.0,1.0,1.0,1.0,1.0,8.0,0.0
54.0,50.0,25.0,29.0,12.0,26.0,12.0,15.0,218.0,14.0,56.0,7.0,5.0,0.0,3.0,0.0,9.0,20.0,6.0,2.0,1.0,12.0,2.0,2.0,4.0,13.0,1.0,3.0,1.0,3.0,6.0,1.0,0.0,10.0,7.0,1.0,0.0,1.0,6.0,4.0,3.0,4.0,3.0,2.0,0.0,5.0,0.0,1.0,6.0,7.0,0.0,0.0,7.0,13.0,0.0,3.0,16.0,2.0,4.0,3.0,1.0,0.0,2.0,0.0,3.0,9.0,7.0,2.0,2.0,1.0,1.0,1.0,0.0,6.0,0.0,2.0,2.0,10.0,6.0,0.0,0.0,0.0,3.0,3.0,0.0,1.0,2.0,1.0,6.0,0.0,1.0,11.0,1.0,0.0,1.0,3.0,1.0,4.0,1.0,1.0,1.0,3.0,0.0,1.0,1.0,0.0
179.0,107.0,45.0,11.0,17.0,68.0,29.0,21.0,14.0,334.0,40.0,34.0,20.0,5.0,14.0,2.0,28.0,6.0,3.0,13.0,11.0,2.0,4.0,0.0,159.0,5.0,0.0,11.0,4.0,6.0,20.0,2.0,3.0,8.0,1.0,1.0,3.0,2.0,1.0,2.0,1.0,1.0,2.0,2.0,4.0,1.0,0.0,2.0,12.0,21.0,1.0,1.0,2.0,1.0,0.0,5.0,3.0,2.0,4.0,1.0,0.0,0.0,1.0,1.0,0.0,1.0,0.0,0.0,2.0,1.0,0.0,5.0,1.0,3.0,0.0,1.0,0.0,1.0,0.0,1.0,0.0,1.0,2.0,2.0,0.0,1.0,1.0,0.0,1.0,0.0,1.0,2.0,0.0,0.0,0.0,0.0,1.0,1.0,2.0,1.0,0.0,0.0,1.0,2.0,3.0,0.0
103.0,114.0,16.0,11.0,7.0,49.0,50.0,11.0,56.0,40.0,225.0,9.0,33.0,2.0,1.0,0.0,9.0,16.0,2.0,3.0,3.0,2.0,3.0,1.0,13.0,6.0,1.0,3.0,0.0,4.0,5.0,1.0,4.0,3.0,2.0,3.0,1.0,1.0,2.0,1.0,0.0,1.0,2.0,3.0,5.0,1.0,0.0,0.0,5.0,6.0,0.0,0.0,2.0,1.0,0.0,13.0,8.0,3.0,3.0,0.0,0.0,1.0,1.0,0.0,1.0,2.0,1.0,1.0,13.0,0.0,0.0,1.0,0.0,2.0,1.0,1.0,1.0,2.0,4.0,1.0,0.0,0.0,1.0,1.0,0.0,3.0,3.0,0.0,1.0,0.0,0.0,1.0,0.0,1.0,0.0,1.0,3.0,4.0,1.0,0.0,1.0,1.0,0.0,3.0,2.0,1.0
86.0,16.0,1.0,1.0,6.0,23.0,9.0,3.0,7.0,34.0,9.0,246.0,2.0,0.0,1.0,0.0,39.0,1.0,0.0,1.0,1.0,0.0,5.0,0.0,22.0,2.0,0.0,0.0,0.0,33.0,59.0,0.0,4.0,6.0,0.0,2.0,8.0,35.0,0.0,0.0,16.0,0.0,45.0,1.0,4.0,0.0,0.0,7.0,19.0,24.0,0.0,0.0,1.0,0.0,0.0,3.0,3.0,0.0,0.0,1.0,0.0,0.0,0.0,0.0,0.0,2.0,0.0,0.0,0.0,0.0,1.0,0.0,3.0,10.0,0.0,4.0,1.0,0.0,0.0,0.0,1.0,1.0,3.0,0.0,0.0,0.0,0.0,0.0,0.0,2.0,0.0,0.0,2.0,5.0,0.0,0.0,13.0,0.0,0.0,0.0,2.0,1.0,0.0,0.0,1.0,0.0
89.0,58.0,17.0,5.0,4.0,54.0,59.0,4.0,5.0,20.0,33.0,2.0,143.0,6.0,7.0,8.0,2.0,4.0,6.0,3.0,6.0,4.0,6.0,6.0,7.0,3.0,1.0,10.0,5.0,0.0,2.0,2.0,0.0,0.0,1.0,0.0,1.0,0.0,1.0,1.0,1.0,3.0,1.0,0.0,3.0,1.0,2.0,2.0,1.0,1.0,3.0,0.0,2.0,0.0,1.0,30.0,2.0,3.0,1.0,0.0,2.0,4.0,0.0,4.0,2.0,1.0,2.0,0.0,13.0,1.0,0.0,0.0,0.0,1.0,2.0,4.0,0.0,1.0,1.0,2.0,2.0,0.0,0.0,0.0,0.0,2.0,2.0,2.0,1.0,0.0,0.0,1.0,0.0,0.0,0.0,1.0,0.0,0.0,1.0,0.0,1.0,0.0,1.0,1.0,0.0,3.0
12.0,13.0,54.0,4.0,1.0,4.0,1.0,3.0,0.0,5.0,2.0,0.0,6.0,221.0,5.0,61.0,1.0,0.0,7.0,4.0,0.0,1.0,6.0,9.0,2.0,4.0,2.0,3.0,9.0,1.0,0.0,3.0,1.0,0.0,3.0,0.0,0.0,0.0,3.0,0.0,1.0,0.0,0.0,0.0,2.0,1.0,11.0,1.0,0.0,0.0,17.0,7.0,1.0,1.0,1.0,0.0,0.0,0.0,2.0,1.0,12.0,12.0,0.0,12.0,3.0,0.0,0.0,0.0,2.0,1.0,0.0,0.0,2.0,0.0,1.0,0.0,0.0,0.0,0.0,1.0,4.0,0.0,1.0,0.0,1.0,3.0,0.0,0.0,0.0,1.0,2.0,0.0,1.0,0.0,7.0,1.0,0.0,0.0,0.0,1.0,2.0,0.0,7.0,2.0,1.0,9.0
24.0,33.0,35.0,7.0,15.0,6.0,7.0,6.0,3.0,14.0,1.0,1.0,7.0,5.0,137.0,1.0,0.0,2.0,5.0,14.0,11.0,10.0,6.0,20.0,6.0,1.0,8.0,28.0,8.0,0.0,1.0,2.0,3.0,1.0,1.0,1.0,1.0,1.0,2.0,1.0,2.0,1.0,0.0,2.0,4.0,1.0,1.0,3.0,0.0,0.0,0.0,7.0,2.0,3.0,1.0,4.0,0.0,1.0,1.0,0.0,1.0,1.0,2.0,0.0,0.0,2.0,0.0,0.0,2.0,4.0,2.0,0.0,0.0,0.0,1.0,2.0,1.0,2.0,0.0,0.0,0.0,4.0,2.0,2.0,0.0,1.0,0.0,3.0,0.0,0.0,5.0,1.0,0.0,0.0,0.0,0.0,0.0,1.0,0.0,2.0,0.0,0.0,0.0,0.0,1.0,0.0
5.0,9.0,41.0,2.0,0.0,2.0,1.0,2.0,0.0,2.0,0.0,0.0,8.0,61.0,1.0,320.0,1.0,0.0,18.0,3.0,0.0,2.0,3.0,3.0,1.0,3.0,0.0,0.0,5.0,0.0,0.0,0.0,2.0,0.0,1.0,0.0,0.0,1.0,1.0,0.0,1.0,2.0,0.0,0.0,1.0,0.0,35.0,0.0,0.0,0.0,25.0,2.0,1.0,0.0,0.0,2.0,0.0,0.0,0.0,0.0,4.0,25.0,0.0,29.0,1.0,0.0,0.0,0.0,2.0,0.0,3.0,0.0,5.0,0.0,0.0,0.0,0.0,0.0,0.0,0.0,0.0,0.0,0.0,0.0,17.0,5.0,0.0,0.0,0.0,2.0,0.0,0.0,1.0,0.0,6.0,0.0,0.0,0.0,0.0,0.0,0.0,0.0,0.0,1.0,0.0,24.0
101.0,18.0,1.0,0.0,0.0,5.0,8.0,0.0,9.0,28.0,9.0,39.0,2.0,1.0,0.0,1.0,351.0,0.0,1.0,0.0,0.0,0.0,2.0,0.0,11.0,0.0,0.0,0.0,0.0,0.0,10.0,2.0,1.0,5.0,0.0,0.0,6.0,12.0,0.0,0.0,0.0,0.0,0.0,0.0,4.0,0.0,0.0,5.0,231.0,241.0,0.0,0.0,1.0,0.0,0.0,2.0,2.0,1.0,2.0,3.0,0.0,0.0,0.0,1.0,0.0,2.0,0.0,0.0,0.0,0.0,0.0,0.0,0.0,10.0,0.0,0.0,2.0,0.0,0.0,2.0,1.0,0.0,2.0,0.0,0.0,0.0,0.0,0.0,0.0,0.0,0.0,0.0,1.0,2.0,0.0,0.0,0.0,0.0,0.0,0.0,2.0,0.0,0.0,0.0,0.0,0.0
23.0,16.0,3.0,44.0,20.0,8.0,7.0,23.0,20.0,6.0,16.0,1.0,4.0,0.0,2.0,0.0,0.0,145.0,1.0,1.0,0.0,1.0,1.0,0.0,1.0,1.0,0.0,0.0,0.0,1.0,0.0,0.0,4.0,2.0,8.0,9.0,2.0,0.0,7.0,1.0,6.0,6.0,0.0,1.0,0.0,2.0,0.0,1.0,0.0,0.0,0.0,0.0,1.0,5.0,0.0,0.0,5.0,1.0,1.0,2.0,0.0,0.0,2.0,0.0,0.0,4.0,0.0,2.0,0.0,0.0,1.0,6.0,0.0,1.0,0.0,0.0,2.0,24.0,0.0,1.0,0.0,0.0,0.0,2.0,0.0,0.0,0.0,0.0,1.0,0.0,0.0,2.0,0.0,0.0,0.0,0.0,0.0,1.0,2.0,3.0,0.0,0.0,0.0,1.0,2.0,0.0
10.0,44.0,10.0,1.0,0.0,4.0,3.0,0.0,6.0,3.0,2.0,0.0,6.0,7.0,5.0,18.0,1.0,1.0,114.0,1.0,3.0,14.0,3.0,9.0,1.0,1.0,5.0,7.0,3.0,0.0,0.0,3.0,1.0,0.0,0.0,0.0,0.0,0.0,0.0,0.0,0.0,1.0,0.0,0.0,2.0,1.0,11.0,2.0,0.0,0.0,4.0,1.0,1.0,0.0,0.0,2.0,1.0,0.0,0.0,1.0,0.0,1.0,0.0,2.0,9.0,4.0,0.0,0.0,6.0,1.0,5.0,0.0,1.0,0.0,2.0,0.0,0.0,0.0,0.0,0.0,4.0,1.0,3.0,1.0,1.0,5.0,0.0,0.0,0.0,0.0,0.0,0.0,0.0,0.0,0.0,0.0,0.0,0.0,0.0,8.0,0.0,0.0,0.0,1.0,0.0,2.0
13.0,17.0,35.0,10.0,8.0,3.0,3.0,8.0,2.0,13.0,3.0,1.0,3.0,4.0,14.0,3.0,0.0,1.0,1.0,109.0,13.0,6.0,4.0,9.0,7.0,1.0,1.0,7.0,7.0,1.0,0.0,2.0,2.0,6.0,1.0,1.0,0.0,0.0,1.0,3.0,0.0,1.0,0.0,0.0,3.0,0.0,0.0,0.0,0.0,0.0,1.0,4.0,1.0,1.0,4.0,1.0,1.0,0.0,0.0,2.0,2.0,1.0,3.0,1.0,3.0,3.0,0.0,0.0,1.0,6.0,0.0,0.0,0.0,1.0,2.0,3.0,0.0,0.0,0.0,0.0,0.0,5.0,2.0,2.0,0.0,1.0,1.0,3.0,0.0,0.0,2.0,0.0,0.0,0.0,0.0,0.0,0.0,0.0,0.0,0.0,0.0,0.0,2.0,0.0,1.0,1.0
24.0,23.0,25.0,8.0,16.0,10.0,1.0,8.0,1.0,11.0,3.0,1.0,6.0,0.0,11.0,0.0,0.0,0.0,3.0,13.0,164.0,2.0,1.0,5.0,6.0,5.0,6.0,1.0,2.0,0.0,0.0,0.0,2.0,4.0,0.0,0.0,2.0,1.0,0.0,2.0,0.0,2.0,0.0,0.0,4.0,1.0,0.0,1.0,0.0,0.0,0.0,0.0,2.0,3.0,0.0,1.0,0.0,3.0,3.0,0.0,0.0,0.0,0.0,0.0,0.0,1.0,2.0,0.0,0.0,11.0,0.0,0.0,0.0,1.0,0.0,1.0,0.0,0.0,0.0,0.0,1.0,7.0,2.0,1.0,0.0,1.0,1.0,4.0,0.0,0.0,0.0,2.0,0.0,1.0,1.0,2.0,0.0,2.0,0.0,0.0,0.0,0.0,1.0,0.0,0.0,0.0
14.0,18.0,12.0,2.0,1.0,9.0,5.0,0.0,12.0,2.0,2.0,0.0,4.0,1.0,10.0,2.0,0.0,1.0,14.0,6.0,2.0,98.0,4.0,9.0,2.0,1.0,3.0,10.0,4.0,0.0,0.0,6.0,5.0,0.0,1.0,1.0,0.0,0.0,2.0,1.0,0.0,1.0,0.0,0.0,2.0,1.0,1.0,2.0,0.0,0.0,2.0,4.0,0.0,0.0,2.0,2.0,2.0,0.0,0.0,2.0,1.0,0.0,2.0,0.0,7.0,8.0,2.0,1.0,3.0,0.0,6.0,0.0,0.0,0.0,1.0,3.0,1.0,0.0,0.0,0.0,1.0,2.0,2.0,0.0,0.0,1.0,1.0,1.0,0.0,0.0,1.0,0.0,0.0,0.0,0.0,0.0,0.0,1.0,0.0,8.0,0.0,0.0,0.0,0.0,0.0,0.0
16.0,8.0,15.0,4.0,2.0,10.0,11.0,0.0,2.0,4.0,3.0,5.0,6.0,6.0,6.0,3.0,2.0,1.0,3.0,4.0,1.0,4.0,83.0,4.0,3.0,0.0,0.0,0.0,2.0,1.0,0.0,7.0,0.0,2.0,1.0,1.0,1.0,0.0,1.0,0.0,0.0,0.0,2.0,0.0,1.0,0.0,2.0,4.0,0.0,1.0,2.0,3.0,1.0,0.0,4.0,1.0,0.0,0.0,2.0,3.0,1.0,1.0,1.0,1.0,1.0,1.0,1.0,0.0,1.0,1.0,1.0,0.0,2.0,1.0,15.0,8.0,1.0,0.0,0.0,2.0,0.0,0.0,3.0,0.0,1.0,0.0,0.0,1.0,0.0,1.0,2.0,1.0,1.0,0.0,0.0,2.0,2.0,0.0,1.0,2.0,2.0,0.0,0.0,1.0,0.0,0.0
12.0,17.0,31.0,1.0,1.0,3.0,3.0,1.0,2.0,0.0,1.0,0.0,6.0,9.0,20.0,3.0,0.0,0.0,9.0,9.0,5.0,9.0,4.0,79.0,2.0,2.0,4.0,13.0,6.0,0.0,0.0,7.0,1.0,1.0,0.0,0.0,0.0,0.0,0.0,0.0,0.0,1.0,0.0,0.0,1.0,0.0,2.0,3.0,0.0,0.0,0.0,7.0,0.0,0.0,0.0,4.0,0.0,0.0,1.0,3.0,2.0,0.0,0.0,1.0,6.0,0.0,0.0,0.0,2.0,5.0,0.0,0.0,0.0,0.0,1.0,0.0,0.0,0.0,0.0,0.0,1.0,1.0,1.0,0.0,0.0,0.0,0.0,1.0,0.0,0.0,3.0,1.0,0.0,0.0,0.0,0.0,0.0,0.0,0.0,0.0,0.0,0.0,1.0,1.0,0.0,0.0
110.0,56.0,32.0,5.0,7.0,47.0,9.0,4.0,4.0,159.0,13.0,22.0,7.0,2.0,6.0,1.0,11.0,1.0,1.0,7.0,6.0,2.0,3.0,2.0,202.0,1.0,0.0,6.0,4.0,4.0,7.0,0.0,2.0,4.0,2.0,0.0,2.0,2.0,2.0,1.0,1.0,2.0,1.0,0.0,0.0,1.0,0.0,2.0,2.0,6.0,0.0,3.0,1.0,0.0,0.0,1.0,3.0,1.0,4.0,2.0,0.0,0.0,1.0,1.0,3.0,1.0,0.0,0.0,1.0,3.0,0.0,2.0,0.0,3.0,0.0,2.0,0.0,0.0,0.0,0.0,0.0,2.0,2.0,0.0,0.0,0.0,0.0,0.0,0.0,0.0,0.0,0.0,0.0,0.0,0.0,1.0,0.0,1.0,2.0,1.0,0.0,1.0,1.0,2.0,0.0,0.0
15.0,8.0,62.0,9.0,5.0,5.0,4.0,5.0,13.0,5.0,6.0,2.0,3.0,4.0,1.0,3.0,0.0,1.0,1.0,1.0,5.0,1.0,0.0,2.0,1.0,95.0,0.0,2.0,1.0,0.0,0.0,0.0,1.0,1.0,1.0,0.0,2.0,0.0,2.0,1.0,0.0,7.0,0.0,0.0,1.0,0.0,1.0,0.0,0.0,0.0,2.0,2.0,6.0,4.0,0.0,0.0,5.0,0.0,0.0,2.0,1.0,6.0,0.0,1.0,1.0,0.0,1.0,1.0,0.0,2.0,0.0,2.0,0.0,0.0,1.0,1.0,1.0,0.0,1.0,0.0,1.0,0.0,0.0,1.0,0.0,0.0,0.0,1.0,0.0,0.0,0.0,10.0,1.0,0.0,2.0,2.0,0.0,1.0,0.0,1.0,0.0,0.0,1.0,6.0,0.0,2.0
5.0,21.0,9.0,0.0,0.0,3.0,0.0,0.0,1.0,0.0,1.0,0.0,1.0,2.0,8.0,0.0,0.0,0.0,5.0,1.0,6.0,3.0,0.0,4.0,0.0,0.0,97.0,3.0,1.0,0.0,0.0,7.0,0.0,0.0,0.0,0.0,0.0,0.0,0.0,0.0,0.0,1.0,0.0,0.0,0.0,0.0,0.0,1.0,0.0,0.0,0.0,0.0,0.0,0.0,1.0,0.0,0.0,0.0,0.0,1.0,0.0,0.0,0.0,0.0,1.0,0.0,0.0,0.0,0.0,2.0,3.0,0.0,0.0,0.0,1.0,0.0,1.0,0.0,0.0,0.0,0.0,0.0,0.0,0.0,0.0,1.0,0.0,0.0,0.0,0.0,0.0,0.0,0.0,0.0,0.0,0.0,0.0,0.0,0.0,0.0,0.0,0.0,1.0,0.0,0.0,0.0
14.0,12.0,24.0,1.0,1.0,4.0,5.0,1.0,3.0,11.0,3.0,0.0,10.0,3.0,28.0,0.0,0.0,0.0,7.0,7.0,1.0,10.0,0.0,13.0,6.0,2.0,3.0,79.0,8.0,0.0,0.0,0.0,0.0,0.0,0.0,0.0,1.0,0.0,0.0,1.0,0.0,1.0,0.0,0.0,1.0,2.0,0.0,3.0,0.0,0.0,2.0,8.0,0.0,0.0,0.0,2.0,0.0,0.0,0.0,2.0,2.0,0.0,1.0,0.0,2.0,1.0,0.0,0.0,3.0,4.0,0.0,0.0,0.0,0.0,0.0,2.0,0.0,0.0,0.0,1.0,1.0,0.0,2.0,1.0,0.0,2.0,0.0,0.0,0.0,0.0,2.0,0.0,0.0,0.0,0.0,0.0,0.0,0.0,0.0,1.0,0.0,0.0,0.0,0.0,0.0,0.0
3.0,12.0,58.0,1.0,0.0,1.0,3.0,0.0,1.0,4.0,0.0,0.0,5.0,9.0,8.0,5.0,0.0,0.0,3.0,7.0,2.0,4.0,2.0,6.0,4.0,1.0,1.0,8.0,92.0,0.0,0.0,2.0,0.0,0.0,0.0,0.0,0.0,0.0,1.0,0.0,0.0,0.0,0.0,0.0,2.0,0.0,1.0,1.0,0.0,0.0,2.0,8.0,1.0,0.0,1.0,1.0,0.0,0.0,0.0,2.0,1.0,2.0,0.0,2.0,1.0,0.0,0.0,1.0,0.0,5.0,0.0,0.0,0.0,0.0,0.0,0.0,0.0,0.0,0.0,0.0,0.0,0.0,1.0,1.0,1.0,3.0,1.0,3.0,0.0,0.0,3.0,0.0,0.0,0.0,0.0,0.0,0.0,0.0,0.0,1.0,0.0,0.0,1.0,0.0,0.0,2.0
22.0,5.0,0.0,4.0,0.0,6.0,3.0,1.0,3.0,6.0,4.0,33.0,0.0,1.0,0.0,0.0,0.0,1.0,0.0,1.0,0.0,0.0,1.0,0.0,4.0,0.0,0.0,0.0,0.0,108.0,18.0,0.0,1.0,3.0,2.0,0.0,5.0,0.0,1.0,0.0,0.0,1.0,5.0,0.0,1.0,0.0,1.0,0.0,0.0,0.0,1.0,0.0,1.0,1.0,2.0,0.0,2.0,2.0,0.0,0.0,0.0,0.0,1.0,0.0,1.0,3.0,0.0,0.0,0.0,1.0,0.0,0.0,3.0,0.0,2.0,0.0,0.0,0.0,0.0,0.0,0.0,0.0,0.0,1.0,0.0,0.0,0.0,0.0,0.0,0.0,0.0,0.0,0.0,1.0,0.0,0.0,8.0,0.0,0.0,0.0,0.0,14.0,0.0,0.0,0.0,0.0
37.0,10.0,0.0,3.0,1.0,14.0,13.0,1.0,6.0,20.0,5.0,59.0,2.0,0.0,1.0,0.0,10.0,0.0,0.0,0.0,0.0,0.0,0.0,0.0,7.0,0.0,0.0,0.0,0.0,18.0,94.0,0.0,1.0,1.0,0.0,1.0,2.0,2.0,0.0,0.0,4.0,0.0,21.0,0.0,0.0,0.0,1.0,1.0,6.0,10.0,0.0,0.0,0.0,0.0,0.0,2.0,2.0,0.0,0.0,0.0,0.0,0.0,0.0,0.0,0.0,1.0,0.0,0.0,0.0,0.0,0.0,0.0,3.0,7.0,0.0,1.0,0.0,0.0,0.0,0.0,0.0,0.0,0.0,2.0,0.0,0.0,0.0,0.0,0.0,0.0,0.0,0.0,0.0,0.0,0.0,0.0,7.0,0.0,0.0,0.0,0.0,0.0,0.0,0.0,0.0,0.0
6.0,12.0,13.0,1.0,1.0,0.0,3.0,0.0,1.0,2.0,1.0,0.0,2.0,3.0,2.0,0.0,2.0,0.0,3.0,2.0,0.0,6.0,7.0,7.0,0.0,0.0,7.0,0.0,2.0,0.0,0.0,62.0,0.0,1.0,0.0,0.0,1.0,0.0,2.0,0.0,0.0,0.0,0.0,0.0,1.0,0.0,0.0,1.0,2.0,0.0,0.0,0.0,0.0,0.0,5.0,0.0,0.0,0.0,0.0,3.0,0.0,0.0,0.0,0.0,0.0,0.0,0.0,0.0,0.0,0.0,4.0,0.0,1.0,0.0,8.0,0.0,0.0,0.0,0.0,0.0,0.0,0.0,1.0,0.0,0.0,0.0,2.0,1.0,0.0,0.0,0.0,0.0,0.0,0.0,0.0,0.0,0.0,0.0,1.0,0.0,0.0,0.0,0.0,0.0,0.0,0.0
7.0,6.0,4.0,8.0,5.0,2.0,0.0,3.0,0.0,3.0,4.0,4.0,0.0,1.0,3.0,2.0,1.0,4.0,1.0,2.0,2.0,5.0,0.0,1.0,2.0,1.0,0.0,0.0,0.0,1.0,1.0,0.0,58.0,1.0,3.0,2.0,1.0,2.0,3.0,2.0,1.0,1.0,3.0,1.0,3.0,1.0,1.0,2.0,1.0,1.0,2.0,0.0,1.0,0.0,2.0,0.0,1.0,0.0,1.0,0.0,0.0,1.0,0.0,0.0,1.0,0.0,0.0,0.0,0.0,0.0,3.0,0.0,2.0,2.0,0.0,1.0,0.0,2.0,2.0,4.0,0.0,1.0,1.0,1.0,1.0,0.0,1.0,1.0,0.0,1.0,0.0,0.0,0.0,0.0,0.0,2.0,1.0,1.0,0.0,0.0,1.0,1.0,1.0,1.0,0.0,0.0
15.0,3.0,4.0,4.0,6.0,2.0,1.0,11.0,10.0,8.0,3.0,6.0,0.0,0.0,1.0,0.0,5.0,2.0,0.0,6.0,4.0,0.0,2.0,1.0,4.0,1.0,0.0,0.0,0.0,3.0,1.0,1.0,1.0,57.0,0.0,0.0,1.0,0.0,0.0,0.0,0.0,1.0,0.0,2.0,0.0,2.0,0.0,0.0,1.0,3.0,0.0,0.0,1.0,1.0,0.0,0.0,0.0,2.0,1.0,2.0,1.0,0.0,0.0,0.0,0.0,1.0,0.0,1.0,0.0,0.0,1.0,0.0,1.0,2.0,0.0,1.0,0.0,2.0,1.0,2.0,0.0,5.0,2.0,0.0,0.0,0.0,0.0,0.0,1.0,0.0,1.0,1.0,0.0,0.0,0.0,0.0,0.0,0.0,0.0,0.0,0.0,0.0,0.0,0.0,0.0,0.0
7.0,5.0,7.0,35.0,6.0,5.0,0.0,7.0,7.0,1.0,2.0,0.0,1.0,3.0,1.0,1.0,0.0,8.0,0.0,1.0,0.0,1.0,1.0,0.0,2.0,1.0,0.0,0.0,0.0,2.0,0.0,0.0,3.0,0.0,54.0,1.0,2.0,0.0,38.0,0.0,0.0,2.0,0.0,5.0,0.0,5.0,0.0,1.0,0.0,0.0,0.0,1.0,2.0,8.0,1.0,0.0,0.0,1.0,1.0,1.0,1.0,1.0,1.0,1.0,0.0,2.0,0.0,0.0,0.0,0.0,0.0,0.0,1.0,1.0,0.0,0.0,0.0,3.0,2.0,0.0,0.0,1.0,0.0,11.0,0.0,0.0,0.0,0.0,2.0,0.0,0.0,1.0,0.0,0.0,0.0,3.0,0.0,0.0,0.0,2.0,1.0,1.0,0.0,1.0,0.0,0.0
3.0,3.0,0.0,10.0,16.0,1.0,3.0,14.0,1.0,1.0,3.0,2.0,0.0,0.0,1.0,0.0,0.0,9.0,0.0,1.0,0.0,1.0,1.0,0.0,0.0,0.0,0.0,0.0,0.0,0.0,1.0,0.0,2.0,0.0,1.0,59.0,2.0,2.0,2.0,0.0,3.0,1.0,0.0,4.0,1.0,2.0,0.0,0.0,0.0,0.0,0.0,0.0,1.0,0.0,0.0,0.0,1.0,6.0,0.0,0.0,0.0,0.0,2.0,0.0,0.0,1.0,0.0,0.0,0.0,0.0,1.0,1.0,0.0,1.0,0.0,0.0,1.0,3.0,0.0,1.0,0.0,0.0,0.0,0.0,0.0,0.0,0.0,0.0,1.0,0.0,0.0,0.0,0.0,0.0,0.0,1.0,0.0,3.0,0.0,1.0,0.0,0.0,1.0,0.0,0.0,0.0
7.0,3.0,2.0,9.0,15.0,0.0,1.0,11.0,0.0,3.0,1.0,8.0,1.0,0.0,1.0,0.0,6.0,2.0,0.0,0.0,2.0,0.0,1.0,0.0,2.0,2.0,0.0,1.0,0.0,5.0,2.0,1.0,1.0,1.0,2.0,2.0,58.0,1.0,2.0,1.0,5.0,1.0,0.0,3.0,0.0,2.0,0.0,1.0,4.0,0.0,0.0,0.0,1.0,1.0,0.0,0.0,0.0,5.0,0.0,1.0,0.0,1.0,2.0,0.0,0.0,0.0,1.0,0.0,0.0,0.0,0.0,1.0,1.0,2.0,0.0,0.0,0.0,1.0,0.0,1.0,0.0,0.0,1.0,0.0,0.0,0.0,0.0,0.0,1.0,0.0,0.0,0.0,1.0,1.0,0.0,0.0,1.0,1.0,0.0,0.0,0.0,0.0,0.0,1.0,0.0,0.0
16.0,4.0,0.0,1.0,4.0,2.0,2.0,2.0,1.0,2.0,1.0,35.0,0.0,0.0,1.0,1.0,12.0,0.0,0.0,0.0,1.0,0.0,0.0,0.0,2.0,0.0,0.0,0.0,0.0,0.0,2.0,0.0,2.0,0.0,0.0,2.0,1.0,66.0,0.0,0.0,12.0,0.0,1.0,0.0,1.0,0.0,0.0,6.0,3.0,4.0,0.0,0.0,1.0,0.0,1.0,0.0,0.0,0.0,0.0,1.0,0.0,0.0,0.0,0.0,0.0,0.0,0.0,0.0,0.0,0.0,1.0,0.0,0.0,1.0,0.0,2.0,0.0,0.0,0.0,0.0,1.0,1.0,1.0,0.0,0.0,0.0,0.0,0.0,0.0,21.0,0.0,0.0,0.0,3.0,0.0,0.0,0.0,0.0,0.0,0.0,0.0,1.0,0.0,0.0,1.0,0.0
6.0,4.0,10.0,29.0,5.0,3.0,0.0,6.0,6.0,1.0,2.0,0.0,1.0,3.0,2.0,1.0,0.0,7.0,0.0,1.0,0.0,2.0,1.0,0.0,2.0,2.0,0.0,0.0,1.0,1.0,0.0,2.0,3.0,0.0,38.0,2.0,2.0,0.0,49.0,0.0,0.0,2.0,0.0,2.0,0.0,2.0,0.0,0.0,0.0,0.0,2.0,1.0,2.0,6.0,0.0,0.0,0.0,1.0,1.0,0.0,0.0,1.0,1.0,1.0,0.0,2.0,0.0,0.0,0.0,0.0,0.0,0.0,0.0,1.0,0.0,0.0,0.0,3.0,1.0,0.0,0.0,1.0,0.0,5.0,0.0,0.0,0.0,0.0,1.0,0.0,0.0,0.0,0.0,0.0,0.0,1.0,0.0,0.0,0.0,1.0,1.0,0.0,0.0,0.0,0.0,0.0
6.0,1.0,1.0,8.0,0.0,1.0,3.0,0.0,4.0,2.0,1.0,0.0,1.0,0.0,1.0,0.0,0.0,1.0,0.0,3.0,2.0,1.0,0.0,0.0,1.0,1.0,0.0,1.0,0.0,0.0,0.0,0.0,2.0,0.0,0.0,0.0,1.0,0.0,0.0,58.0,0.0,2.0,0.0,0.0,0.0,2.0,0.0,0.0,0.0,0.0,0.0,0.0,1.0,2.0,0.0,0.0,1.0,0.0,0.0,1.0,0.0,0.0,14.0,0.0,0.0,1.0,0.0,0.0,0.0,0.0,0.0,0.0,0.0,0.0,0.0,0.0,0.0,1.0,3.0,0.0,0.0,0.0,1.0,0.0,0.0,0.0,0.0,0.0,0.0,0.0,0.0,2.0,1.0,0.0,1.0,1.0,0.0,1.0,0.0,0.0,0.0,0.0,0.0,0.0,2.0,0.0
11.0,1.0,0.0,4.0,25.0,2.0,1.0,12.0,3.0,1.0,0.0,16.0,1.0,1.0,2.0,1.0,0.0,6.0,0.0,0.0,0.0,0.0,0.0,0.0,1.0,0.0,0.0,0.0,0.0,0.0,4.0,0.0,1.0,0.0,0.0,3.0,5.0,12.0,0.0,0.0,79.0,1.0,0.0,0.0,1.0,0.0,0.0,2.0,0.0,0.0,0.0,0.0,1.0,0.0,0.0,0.0,0.0,0.0,0.0,2.0,0.0,0.0,0.0,0.0,0.0,0.0,0.0,0.0,0.0,0.0,1.0,0.0,0.0,3.0,0.0,2.0,1.0,1.0,0.0,1.0,0.0,1.0,0.0,0.0,0.0,0.0,0.0,0.0,1.0,0.0,0.0,0.0,1.0,1.0,0.0,0.0,0.0,0.0,0.0,0.0,0.0,0.0,0.0,0.0,5.0,0.0
8.0,8.0,21.0,3.0,4.0,0.0,1.0,1.0,4.0,1.0,1.0,0.0,3.0,0.0,1.0,2.0,0.0,6.0,1.0,1.0,2.0,1.0,0.0,1.0,2.0,7.0,1.0,1.0,0.0,1.0,0.0,0.0,1.0,1.0,2.0,1.0,1.0,0.0,2.0,2.0,1.0,66.0,0.0,0.0,0.0,1.0,1.0,1.0,0.0,0.0,1.0,0.0,2.0,0.0,0.0,0.0,4.0,1.0,4.0,0.0,1.0,3.0,3.0,0.0,0.0,1.0,2.0,3.0,1.0,0.0,0.0,2.0,0.0,0.0,0.0,1.0,0.0,0.0,0.0,0.0,2.0,0.0,0.0,0.0,0.0,0.0,0.0,0.0,0.0,0.0,0.0,2.0,0.0,0.0,0.0,0.0,0.0,2.0,0.0,0.0,0.0,4.0,0.0,0.0,0.0,1.0
18.0,3.0,0.0,0.0,1.0,3.0,2.0,0.0,3.0,2.0,2.0,45.0,1.0,0.0,0.0,0.0,0.0,0.0,0.0,0.0,0.0,0.0,2.0,0.0,1.0,0.0,0.0,0.0,0.0,5.0,21.0,0.0,3.0,0.0,0.0,0.0,0.0,1.0,0.0,0.0,0.0,0.0,59.0,1.0,0.0,0.0,0.0,1.0,0.0,0.0,0.0,0.0,1.0,0.0,0.0,2.0,1.0,0.0,0.0,0.0,0.0,0.0,0.0,0.0,0.0,0.0,0.0,0.0,0.0,0.0,0.0,0.0,0.0,3.0,0.0,0.0,1.0,0.0,0.0,0.0,0.0,0.0,0.0,0.0,0.0,0.0,0.0,0.0,0.0,1.0,0.0,0.0,2.0,0.0,0.0,0.0,11.0,0.0,0.0,0.0,1.0,1.0,0.0,0.0,0.0,0.0
13.0,2.0,0.0,17.0,34.0,1.0,1.0,47.0,2.0,2.0,3.0,1.0,0.0,0.0,2.0,0.0,0.0,1.0,0.0,0.0,0.0,0.0,0.0,0.0,0.0,0.0,0.0,0.0,0.0,0.0,0.0,0.0,1.0,2.0,5.0,4.0,3.0,0.0,2.0,0.0,0.0,0.0,1.0,63.0,0.0,19.0,0.0,0.0,0.0,0.0,0.0,0.0,4.0,0.0,0.0,0.0,2.0,0.0,0.0,0.0,0.0,0.0,0.0,0.0,0.0,0.0,0.0,0.0,0.0,0.0,0.0,0.0,0.0,0.0,0.0,0.0,0.0,0.0,0.0,0.0,0.0,0.0,0.0,3.0,0.0,0.0,0.0,0.0,7.0,0.0,0.0,0.0,0.0,0.0,0.0,2.0,1.0,0.0,0.0,0.0,0.0,0.0,1.0,0.0,8.0,0.0
9.0,26.0,5.0,1.0,3.0,2.0,3.0,2.0,0.0,4.0,5.0,4.0,3.0,2.0,4.0,1.0,4.0,0.0,2.0,3.0,4.0,2.0,1.0,1.0,0.0,1.0,0.0,1.0,2.0,1.0,0.0,1.0,3.0,0.0,0.0,1.0,0.0,1.0,0.0,0.0,1.0,0.0,0.0,0.0,70.0,0.0,0.0,0.0,1.0,1.0,0.0,0.0,3.0,0.0,0.0,3.0,0.0,0.0,0.0,1.0,0.0,0.0,0.0,0.0,0.0,2.0,0.0,2.0,1.0,0.0,1.0,2.0,0.0,1.0,0.0,0.0,0.0,0.0,0.0,0.0,0.0,0.0,0.0,0.0,0.0,0.0,3.0,8.0,0.0,0.0,0.0,0.0,0.0,0.0,0.0,0.0,0.0,0.0,0.0,0.0,0.0,0.0,1.0,0.0,0.0,0.0
9.0,5.0,1.0,16.0,13.0,1.0,0.0,27.0,5.0,1.0,1.0,0.0,1.0,1.0,1.0,0.0,0.0,2.0,1.0,0.0,1.0,1.0,0.0,0.0,1.0,0.0,0.0,2.0,0.0,0.0,0.0,0.0,1.0,2.0,5.0,2.0,2.0,0.0,2.0,2.0,0.0,1.0,0.0,19.0,0.0,51.0,0.0,1.0,0.0,0.0,1.0,1.0,3.0,5.0,0.0,0.0,1.0,2.0,2.0,0.0,0.0,0.0,3.0,0.0,0.0,0.0,0.0,0.0,0.0,0.0,0.0,0.0,0.0,1.0,0.0,0.0,1.0,1.0,0.0,0.0,0.0,0.0,1.0,3.0,0.0,0.0,0.0,0.0,3.0,0.0,0.0,0.0,0.0,0.0,0.0,1.0,0.0,1.0,0.0,0.0,0.0,1.0,1.0,0.0,6.0,0.0
2.0,3.0,14.0,0.0,0.0,1.0,1.0,0.0,0.0,0.0,0.0,0.0,2.0,11.0,1.0,35.0,0.0,0.0,11.0,0.0,0.0,1.0,2.0,2.0,0.0,1.0,0.0,0.0,1.0,1.0,1.0,0.0,1.0,0.0,0.0,0.0,0.0,0.0,0.0,0.0,0.0,1.0,0.0,0.0,0.0,0.0,48.0,0.0,0.0,0.0,8.0,0.0,0.0,0.0,0.0,1.0,0.0,0.0,0.0,0.0,1.0,8.0,0.0,8.0,1.0,0.0,0.0,0.0,0.0,0.0,0.0,0.0,7.0,0.0,0.0,0.0,0.0,0.0,0.0,2.0,0.0,0.0,0.0,0.0,4.0,1.0,0.0,0.0,0.0,1.0,0.0,0.0,0.0,0.0,3.0,0.0,0.0,0.0,0.0,0.0,0.0,0.0,0.0,0.0,0.0,6.0
9.0,4.0,6.0,3.0,3.0,3.0,4.0,1.0,1.0,2.0,0.0,7.0,2.0,1.0,3.0,0.0,5.0,1.0,2.0,0.0,1.0,2.0,4.0,3.0,2.0,0.0,1.0,3.0,1.0,0.0,1.0,1.0,2.0,0.0,1.0,0.0,1.0,6.0,0.0,0.0,2.0,1.0,1.0,0.0,0.0,1.0,0.0,47.0,2.0,2.0,0.0,1.0,0.0,1.0,0.0,1.0,0.0,0.0,1.0,0.0,0.0,0.0,0.0,0.0,2.0,0.0,0.0,0.0,0.0,0.0,2.0,0.0,1.0,2.0,0.0,3.0,2.0,0.0,0.0,7.0,2.0,1.0,0.0,0.0,0.0,0.0,0.0,1.0,0.0,0.0,0.0,0.0,0.0,1.0,0.0,0.0,0.0,1.0,1.0,1.0,1.0,0.0,2.0,0.0,0.0,0.0
63.0,7.0,0.0,0.0,0.0,4.0,5.0,0.0,6.0,12.0,5.0,19.0,1.0,0.0,0.0,0.0,231.0,0.0,0.0,0.0,0.0,0.0,0.0,0.0,2.0,0.0,0.0,0.0,0.0,0.0,6.0,2.0,1.0,1.0,0.0,0.0,4.0,3.0,0.0,0.0,0.0,0.0,0.0,0.0,1.0,0.0,0.0,2.0,236.0,205.0,0.0,0.0,0.0,0.0,0.0,0.0,2.0,0.0,0.0,1.0,0.0,0.0,0.0,0.0,0.0,1.0,0.0,0.0,0.0,0.0,0.0,0.0,0.0,7.0,0.0,0.0,0.0,0.0,0.0,1.0,0.0,0.0,0.0,0.0,0.0,0.0,0.0,0.0,0.0,0.0,0.0,0.0,0.0,0.0,0.0,0.0,0.0,0.0,0.0,0.0,0.0,0.0,0.0,0.0,0.0,0.0
71.0,10.0,0.0,0.0,0.0,5.0,8.0,0.0,7.0,21.0,6.0,24.0,1.0,0.0,0.0,0.0,241.0,0.0,0.0,0.0,0.0,0.0,1.0,0.0,6.0,0.0,0.0,0.0,0.0,0.0,10.0,0.0,1.0,3.0,0.0,0.0,0.0,4.0,0.0,0.0,0.0,0.0,0.0,0.0,1.0,0.0,0.0,2.0,205.0,249.0,0.0,0.0,0.0,0.0,0.0,1.0,0.0,0.0,0.0,0.0,0.0,0.0,0.0,0.0,0.0,2.0,0.0,0.0,0.0,0.0,0.0,0.0,1.0,4.0,0.0,0.0,0.0,0.0,0.0,2.0,0.0,0.0,2.0,0.0,0.0,0.0,0.0,0.0,0.0,0.0,0.0,0.0,0.0,0.0,0.0,0.0,0.0,0.0,0.0,0.0,0.0,0.0,0.0,0.0,0.0,0.0
3.0,6.0,8.0,2.0,1.0,1.0,1.0,1.0,0.0,1.0,0.0,0.0,3.0,17.0,0.0,25.0,0.0,0.0,4.0,1.0,0.0,2.0,2.0,0.0,0.0,2.0,0.0,2.0,2.0,1.0,0.0,0.0,2.0,0.0,0.0,0.0,0.0,0.0,2.0,0.0,0.0,1.0,0.0,0.0,0.0,1.0,8.0,0.0,0.0,0.0,49.0,1.0,1.0,0.0,0.0,1.0,0.0,0.0,1.0,0.0,2.0,6.0,0.0,3.0,0.0,0.0,0.0,1.0,1.0,1.0,3.0,0.0,4.0,0.0,0.0,0.0,1.0,0.0,0.0,0.0,0.0,0.0,0.0,0.0,0.0,2.0,0.0,0.0,0.0,1.0,0.0,0.0,0.0,0.0,0.0,0.0,0.0,0.0,0.0,0.0,0.0,0.0,2.0,0.0,1.0,0.0
4.0,10.0,40.0,1.0,0.0,1.0,0.0,1.0,0.0,1.0,0.0,0.0,0.0,7.0,7.0,2.0,0.0,0.0,1.0,4.0,0.0,4.0,3.0,7.0,3.0,2.0,0.0,8.0,8.0,0.0,0.0,0.0,0.0,0.0,1.0,0.0,0.0,0.0,1.0,0.0,0.0,0.0,0.0,0.0,0.0,1.0,0.0,1.0,0.0,0.0,1.0,46.0,2.0,1.0,0.0,0.0,0.0,0.0,1.0,0.0,1.0,1.0,0.0,0.0,0.0,0.0,0.0,0.0,0.0,5.0,1.0,0.0,0.0,0.0,1.0,1.0,0.0,0.0,0.0,0.0,0.0,0.0,1.0,0.0,0.0,0.0,0.0,0.0,0.0,0.0,11.0,0.0,0.0,0.0,1.0,1.0,0.0,0.0,0.0,1.0,0.0,0.0,0.0,4.0,1.0,1.0
14.0,5.0,12.0,5.0,10.0,4.0,2.0,6.0,7.0,2.0,2.0,1.0,2.0,1.0,2.0,1.0,1.0,1.0,1.0,1.0,2.0,0.0,1.0,0.0,1.0,6.0,0.0,0.0,1.0,1.0,0.0,0.0,1.0,1.0,2.0,1.0,1.0,1.0,2.0,1.0,1.0,2.0,1.0,4.0,3.0,3.0,0.0,0.0,0.0,0.0,1.0,2.0,44.0,3.0,0.0,1.0,3.0,1.0,5.0,1.0,0.0,2.0,0.0,1.0,0.0,0.0,1.0,1.0,0.0,2.0,0.0,0.0,0.0,3.0,0.0,2.0,0.0,0.0,0.0,1.0,0.0,0.0,2.0,1.0,0.0,0.0,1.0,1.0,2.0,0.0,0.0,3.0,0.0,0.0,0.0,5.0,0.0,0.0,0.0,0.0,3.0,0.0,1.0,0.0,1.0,0.0
4.0,3.0,5.0,16.0,6.0,2.0,0.0,6.0,13.0,1.0,1.0,0.0,0.0,1.0,3.0,0.0,0.0,5.0,0.0,1.0,3.0,0.0,0.0,0.0,0.0,4.0,0.0,0.0,0.0,1.0,0.0,0.0,0.0,1.0,8.0,0.0,1.0,0.0,6.0,2.0,0.0,0.0,0.0,0.0,0.0,5.0,0.0,1.0,0.0,0.0,0.0,1.0,3.0,44.0,1.0,0.0,0.0,0.0,3.0,3.0,1.0,0.0,3.0,0.0,0.0,0.0,0.0,0.0,0.0,1.0,0.0,0.0,0.0,1.0,0.0,0.0,0.0,1.0,4.0,0.0,0.0,0.0,0.0,2.0,0.0,0.0,0.0,0.0,0.0,0.0,0.0,3.0,0.0,0.0,1.0,4.0,0.0,1.0,0.0,0.0,1.0,2.0,0.0,1.0,1.0,0.0
0.0,2.0,11.0,3.0,3.0,0.0,0.0,0.0,0.0,0.0,0.0,0.0,1.0,1.0,1.0,0.0,0.0,0.0,0.0,4.0,0.0,2.0,4.0,0.0,0.0,0.0,1.0,0.0,1.0,2.0,0.0,5.0,2.0,0.0,1.0,0.0,0.0,1.0,0.0,0.0,0.0,0.0,0.0,0.0,0.0,0.0,0.0,0.0,0.0,0.0,0.0,0.0,0.0,1.0,89.0,0.0,0.0,0.0,0.0,0.0,0.0,0.0,0.0,0.0,0.0,0.0,0.0,0.0,0.0,0.0,1.0,0.0,4.0,0.0,3.0,3.0,0.0,0.0,1.0,0.0,0.0,0.0,0.0,0.0,0.0,0.0,0.0,0.0,0.0,1.0,1.0,0.0,1.0,0.0,0.0,0.0,0.0,0.0,0.0,0.0,0.0,0.0,2.0,0.0,0.0,0.0
37.0,20.0,2.0,3.0,1.0,25.0,26.0,2.0,3.0,5.0,13.0,3.0,30.0,0.0,4.0,2.0,2.0,0.0,2.0,1.0,1.0,2.0,1.0,4.0,1.0,0.0,0.0,2.0,1.0,0.0,2.0,0.0,0.0,0.0,0.0,0.0,0.0,0.0,0.0,0.0,0.0,0.0,2.0,0.0,3.0,0.0,1.0,1.0,0.0,1.0,1.0,0.0,1.0,0.0,0.0,43.0,0.0,3.0,1.0,0.0,0.0,0.0,0.0,1.0,0.0,2.0,2.0,0.0,4.0,0.0,1.0,1.0,0.0,1.0,0.0,1.0,0.0,0.0,0.0,1.0,0.0,0.0,0.0,0.0,0.0,1.0,1.0,1.0,1.0,0.0,0.0,0.0,0.0,0.0,0.0,1.0,0.0,0.0,0.0,0.0,1.0,0.0,0.0,0.0,0.0,0.0
7.0,8.0,8.0,3.0,4.0,5.0,2.0,4.0,16.0,3.0,8.0,3.0,2.0,0.0,0.0,0.0,2.0,5.0,1.0,1.0,0.0,2.0,0.0,0.0,3.0,5.0,0.0,0.0,0.0,2.0,2.0,0.0,1.0,0.0,0.0,1.0,0.0,0.0,0.0,1.0,0.0,4.0,1.0,2.0,0.0,1.0,0.0,0.0,2.0,0.0,0.0,0.0,3.0,0.0,0.0,0.0,43.0,0.0,3.0,0.0,0.0,0.0,1.0,0.0,1.0,1.0,1.0,0.0,1.0,0.0,0.0,0.0,0.0,1.0,0.0,1.0,1.0,2.0,0.0,0.0,0.0,0.0,1.0,0.0,0.0,0.0,0.0,0.0,1.0,0.0,0.0,6.0,0.0,0.0,0.0,0.0,0.0,1.0,0.0,0.0,0.0,2.0,0.0,0.0,0.0,0.0
9.0,7.0,1.0,2.0,0.0,3.0,3.0,0.0,2.0,2.0,3.0,0.0,3.0,0.0,1.0,0.0,1.0,1.0,0.0,0.0,3.0,0.0,0.0,0.0,1.0,0.0,0.0,0.0,0.0,2.0,0.0,0.0,0.0,2.0,1.0,6.0,5.0,0.0,1.0,0.0,0.0,1.0,0.0,0.0,0.0,2.0,0.0,0.0,0.0,0.0,0.0,0.0,1.0,0.0,0.0,3.0,0.0,129.0,0.0,2.0,0.0,0.0,0.0,0.0,0.0,0.0,0.0,0.0,1.0,0.0,0.0,0.0,0.0,2.0,0.0,0.0,2.0,1.0,1.0,0.0,0.0,2.0,1.0,0.0,0.0,0.0,1.0,0.0,0.0,0.0,0.0,0.0,2.0,0.0,0.0,0.0,0.0,0.0,0.0,0.0,0.0,2.0,0.0,0.0,0.0,0.0
12.0,2.0,39.0,4.0,1.0,7.0,2.0,2.0,4.0,4.0,3.0,0.0,1.0,2.0,1.0,0.0,2.0,1.0,0.0,0.0,3.0,0.0,2.0,1.0,4.0,0.0,0.0,0.0,0.0,0.0,0.0,0.0,1.0,1.0,1.0,0.0,0.0,0.0,1.0,0.0,0.0,4.0,0.0,0.0,0.0,2.0,0.0,1.0,0.0,0.0,1.0,1.0,5.0,3.0,0.0,1.0,3.0,0.0,62.0,2.0,0.0,0.0,0.0,0.0,0.0,0.0,0.0,0.0,0.0,1.0,0.0,0.0,0.0,0.0,0.0,0.0,0.0,0.0,0.0,1.0,0.0,1.0,1.0,1.0,0.0,0.0,0.0,0.0,0.0,0.0,0.0,4.0,1.0,0.0,0.0,5.0,0.0,0.0,0.0,0.0,1.0,0.0,1.0,1.0,1.0,0.0
7.0,6.0,8.0,0.0,2.0,1.0,1.0,1.0,3.0,1.0,0.0,1.0,0.0,1.0,0.0,0.0,3.0,2.0,1.0,2.0,0.0,2.0,3.0,3.0,2.0,2.0,1.0,2.0,2.0,0.0,0.0,3.0,0.0,2.0,1.0,0.0,1.0,1.0,0.0,1.0,2.0,0.0,0.0,0.0,1.0,0.0,0.0,0.0,1.0,0.0,0.0,0.0,1.0,3.0,0.0,0.0,0.0,2.0,2.0,42.0,0.0,0.0,0.0,0.0,0.0,0.0,0.0,2.0,0.0,1.0,0.0,2.0,0.0,0.0,2.0,3.0,2.0,0.0,1.0,0.0,0.0,1.0,3.0,1.0,0.0,0.0,0.0,2.0,0.0,0.0,1.0,2.0,0.0,0.0,0.0,1.0,0.0,1.0,3.0,0.0,0.0,0.0,1.0,0.0,0.0,0.0
1.0,2.0,9.0,1.0,1.0,0.0,2.0,0.0,1.0,0.0,0.0,0.0,2.0,12.0,1.0,4.0,0.0,0.0,0.0,2.0,0.0,1.0,1.0,2.0,0.0,1.0,0.0,2.0,1.0,0.0,0.0,0.0,0.0,1.0,1.0,0.0,0.0,0.0,0.0,0.0,0.0,1.0,0.0,0.0,0.0,0.0,1.0,0.0,0.0,0.0,2.0,1.0,0.0,1.0,0.0,0.0,0.0,0.0,0.0,0.0,43.0,1.0,0.0,0.0,1.0,0.0,1.0,0.0,0.0,1.0,0.0,0.0,0.0,0.0,0.0,0.0,0.0,0.0,0.0,0.0,2.0,0.0,0.0,0.0,0.0,1.0,0.0,0.0,0.0,0.0,0.0,0.0,0.0,0.0,3.0,1.0,0.0,0.0,0.0,0.0,0.0,1.0,0.0,1.0,0.0,0.0
2.0,3.0,17.0,1.0,3.0,2.0,1.0,0.0,0.0,0.0,1.0,0.0,4.0,12.0,1.0,25.0,0.0,0.0,1.0,1.0,0.0,0.0,1.0,0.0,0.0,6.0,0.0,0.0,2.0,0.0,0.0,0.0,1.0,0.0,1.0,0.0,1.0,0.0,1.0,0.0,0.0,3.0,0.0,0.0,0.0,0.0,8.0,0.0,0.0,0.0,6.0,1.0,2.0,0.0,0.0,0.0,0.0,0.0,0.0,0.0,1.0,47.0,0.0,8.0,0.0,0.0,0.0,0.0,2.0,0.0,0.0,0.0,4.0,0.0,0.0,0.0,0.0,0.0,0.0,0.0,0.0,0.0,0.0,0.0,2.0,1.0,0.0,0.0,0.0,0.0,1.0,0.0,1.0,0.0,1.0,0.0,0.0,1.0,0.0,0.0,0.0,0.0,0.0,0.0,0.0,19.0
3.0,1.0,0.0,6.0,0.0,2.0,1.0,0.0,2.0,1.0,1.0,0.0,0.0,0.0,2.0,0.0,0.0,2.0,0.0,3.0,0.0,2.0,1.0,0.0,1.0,0.0,0.0,1.0,0.0,1.0,0.0,0.0,0.0,0.0,1.0,2.0,2.0,0.0,1.0,14.0,0.0,3.0,0.0,0.0,0.0,3.0,0.0,0.0,0.0,0.0,0.0,0.0,0.0,3.0,0.0,0.0,1.0,0.0,0.0,0.0,0.0,0.0,60.0,0.0,1.0,1.0,0.0,0.0,0.0,1.0,0.0,0.0,0.0,0.0,0.0,0.0,0.0,2.0,1.0,2.0,0.0,0.0,1.0,0.0,0.0,0.0,1.0,0.0,0.0,0.0,0.0,0.0,0.0,0.0,0.0,0.0,0.0,0.0,0.0,0.0,0.0,1.0,0.0,0.0,3.0,0.0
0.0,1.0,14.0,1.0,0.0,0.0,0.0,0.0,0.0,1.0,0.0,0.0,4.0,12.0,0.0,29.0,1.0,0.0,2.0,1.0,0.0,0.0,1.0,1.0,1.0,1.0,0.0,0.0,2.0,0.0,0.0,0.0,0.0,0.0,1.0,0.0,0.0,0.0,1.0,0.0,0.0,0.0,0.0,0.0,0.0,0.0,8.0,0.0,0.0,0.0,3.0,0.0,1.0,0.0,0.0,1.0,0.0,0.0,0.0,0.0,0.0,8.0,0.0,45.0,0.0,0.0,0.0,0.0,1.0,0.0,0.0,0.0,2.0,0.0,0.0,0.0,0.0,0.0,0.0,1.0,0.0,0.0,0.0,0.0,1.0,2.0,0.0,0.0,0.0,0.0,0.0,0.0,0.0,0.0,3.0,0.0,0.0,0.0,0.0,0.0,0.0,0.0,0.0,0.0,0.0,8.0
6.0,9.0,6.0,0.0,0.0,1.0,0.0,0.0,3.0,0.0,1.0,0.0,2.0,3.0,0.0,1.0,0.0,0.0,9.0,3.0,0.0,7.0,1.0,6.0,3.0,1.0,1.0,2.0,1.0,1.0,0.0,0.0,1.0,0.0,0.0,0.0,0.0,0.0,0.0,0.0,0.0,0.0,0.0,0.0,0.0,0.0,1.0,2.0,0.0,0.0,0.0,0.0,0.0,0.0,0.0,0.0,1.0,0.0,0.0,0.0,1.0,0.0,1.0,0.0,43.0,2.0,0.0,0.0,2.0,1.0,1.0,0.0,0.0,0.0,1.0,0.0,0.0,0.0,0.0,0.0,0.0,0.0,2.0,0.0,0.0,2.0,0.0,0.0,0.0,0.0,1.0,0.0,0.0,0.0,3.0,0.0,0.0,0.0,0.0,1.0,0.0,0.0,2.0,1.0,0.0,0.0
6.0,12.0,1.0,11.0,1.0,2.0,7.0,0.0,9.0,1.0,2.0,2.0,1.0,0.0,2.0,0.0,2.0,4.0,4.0,3.0,1.0,8.0,1.0,0.0,1.0,0.0,0.0,1.0,0.0,3.0,1.0,0.0,0.0,1.0,2.0,1.0,0.0,0.0,2.0,1.0,0.0,1.0,0.0,0.0,2.0,0.0,0.0,0.0,1.0,2.0,0.0,0.0,0.0,0.0,0.0,2.0,1.0,0.0,0.0,0.0,0.0,0.0,1.0,0.0,2.0,44.0,1.0,0.0,1.0,0.0,3.0,1.0,0.0,0.0,0.0,0.0,0.0,1.0,0.0,0.0,0.0,1.0,2.0,3.0,0.0,1.0,0.0,0.0,0.0,0.0,0.0,0.0,0.0,0.0,0.0,0.0,0.0,0.0,0.0,4.0,0.0,0.0,0.0,1.0,0.0,0.0
5.0,3.0,1.0,1.0,0.0,3.0,3.0,1.0,7.0,0.0,1.0,0.0,2.0,0.0,0.0,0.0,0.0,0.0,0.0,0.0,2.0,2.0,1.0,0.0,0.0,1.0,0.0,0.0,0.0,0.0,0.0,0.0,0.0,0.0,0.0,0.0,1.0,0.0,0.0,0.0,0.0,2.0,0.0,0.0,0.0,0.0,0.0,0.0,0.0,0.0,0.0,0.0,1.0,0.0,0.0,2.0,1.0,0.0,0.0,0.0,1.0,0.0,0.0,0.0,0.0,1.0,37.0,2.0,0.0,0.0,0.0,0.0,0.0,0.0,0.0,1.0,0.0,0.0,0.0,0.0,0.0,0.0,0.0,0.0,0.0,0.0,0.0,0.0,0.0,0.0,0.0,0.0,0.0,3.0,0.0,0.0,0.0,0.0,2.0,0.0,0.0,0.0,0.0,0.0,0.0,0.0
5.0,5.0,28.0,1.0,0.0,0.0,1.0,0.0,2.0,0.0,1.0,0.0,0.0,0.0,0.0,0.0,0.0,2.0,0.0,0.0,0.0,1.0,0.0,0.0,0.0,1.0,0.0,0.0,1.0,0.0,0.0,0.0,0.0,1.0,0.0,0.0,0.0,0.0,0.0,0.0,0.0,3.0,0.0,0.0,2.0,0.0,0.0,0.0,0.0,0.0,1.0,0.0,1.0,0.0,0.0,0.0,0.0,0.0,0.0,2.0,0.0,0.0,0.0,0.0,0.0,0.0,2.0,78.0,0.0,0.0,0.0,16.0,0.0,0.0,0.0,1.0,0.0,0.0,0.0,0.0,6.0,0.0,1.0,0.0,1.0,0.0,0.0,1.0,0.0,0.0,0.0,0.0,0.0,0.0,0.0,0.0,0.0,0.0,0.0,0.0,0.0,0.0,0.0,0.0,0.0,0.0
20.0,22.0,2.0,0.0,0.0,14.0,16.0,0.0,2.0,2.0,13.0,0.0,13.0,2.0,2.0,2.0,0.0,0.0,6.0,1.0,0.0,3.0,1.0,2.0,1.0,0.0,0.0,3.0,0.0,0.0,0.0,0.0,0.0,0.0,0.0,0.0,0.0,0.0,0.0,0.0,0.0,1.0,0.0,0.0,1.0,0.0,0.0,0.0,0.0,0.0,1.0,0.0,0.0,0.0,0.0,4.0,1.0,1.0,0.0,0.0,0.0,2.0,0.0,1.0,2.0,1.0,0.0,0.0,38.0,0.0,2.0,0.0,0.0,0.0,1.0,0.0,0.0,0.0,0.0,0.0,0.0,0.0,0.0,0.0,0.0,6.0,1.0,0.0,0.0,0.0,0.0,0.0,0.0,0.0,0.0,0.0,0.0,0.0,0.0,0.0,0.0,0.0,0.0,1.0,0.0,2.0
6.0,4.0,23.0,1.0,0.0,3.0,1.0,0.0,1.0,1.0,0.0,0.0,1.0,1.0,4.0,0.0,0.0,0.0,1.0,6.0,11.0,0.0,1.0,5.0,3.0,2.0,2.0,4.0,5.0,1.0,0.0,0.0,0.0,0.0,0.0,0.0,0.0,0.0,0.0,0.0,0.0,0.0,0.0,0.0,0.0,0.0,0.0,0.0,0.0,0.0,1.0,5.0,2.0,1.0,0.0,0.0,0.0,0.0,1.0,1.0,1.0,0.0,1.0,0.0,1.0,0.0,0.0,0.0,0.0,40.0,0.0,0.0,0.0,0.0,0.0,0.0,0.0,0.0,0.0,0.0,0.0,0.0,0.0,1.0,0.0,0.0,0.0,1.0,0.0,0.0,1.0,3.0,0.0,0.0,0.0,0.0,0.0,0.0,0.0,0.0,0.0,0.0,1.0,1.0,0.0,0.0
4.0,14.0,1.0,0.0,3.0,1.0,3.0,0.0,1.0,0.0,0.0,1.0,0.0,0.0,2.0,3.0,0.0,1.0,5.0,0.0,0.0,6.0,1.0,0.0,0.0,0.0,3.0,0.0,0.0,0.0,0.0,4.0,3.0,1.0,0.0,1.0,0.0,1.0,0.0,0.0,1.0,0.0,0.0,0.0,1.0,0.0,0.0,2.0,0.0,0.0,3.0,1.0,0.0,0.0,1.0,1.0,0.0,0.0,0.0,0.0,0.0,0.0,0.0,0.0,1.0,3.0,0.0,0.0,2.0,0.0,36.0,0.0,0.0,0.0,1.0,0.0,2.0,0.0,0.0,0.0,0.0,0.0,0.0,0.0,0.0,2.0,1.0,0.0,0.0,0.0,0.0,0.0,0.0,0.0,0.0,0.0,0.0,0.0,0.0,3.0,0.0,0.0,0.0,0.0,0.0,0.0
12.0,5.0,16.0,2.0,0.0,3.0,1.0,0.0,1.0,5.0,1.0,0.0,0.0,0.0,0.0,0.0,0.0,6.0,0.0,0.0,0.0,0.0,0.0,0.0,2.0,2.0,0.0,0.0,0.0,0.0,0.0,0.0,0.0,0.0,0.0,1.0,1.0,0.0,0.0,0.0,0.0,2.0,0.0,0.0,2.0,0.0,0.0,0.0,0.0,0.0,0.0,0.0,0.0,0.0,0.0,1.0,0.0,0.0,0.0,2.0,0.0,0.0,0.0,0.0,0.0,1.0,0.0,16.0,0.0,0.0,0.0,59.0,0.0,0.0,0.0,0.0,0.0,0.0,0.0,0.0,0.0,0.0,0.0,0.0,0.0,0.0,0.0,1.0,0.0,0.0,2.0,2.0,0.0,0.0,0.0,0.0,0.0,0.0,0.0,0.0,0.0,0.0,0.0,1.0,0.0,0.0
5.0,1.0,9.0,2.0,0.0,2.0,0.0,0.0,0.0,1.0,0.0,3.0,0.0,2.0,0.0,5.0,0.0,0.0,1.0,0.0,0.0,0.0,2.0,0.0,0.0,0.0,0.0,0.0,0.0,3.0,3.0,1.0,2.0,1.0,1.0,0.0,1.0,0.0,0.0,0.0,0.0,0.0,0.0,0.0,0.0,0.0,7.0,1.0,0.0,1.0,4.0,0.0,0.0,0.0,4.0,0.0,0.0,0.0,0.0,0.0,0.0,4.0,0.0,2.0,0.0,0.0,0.0,0.0,0.0,0.0,0.0,0.0,50.0,0.0,2.0,1.0,0.0,0.0,0.0,1.0,0.0,0.0,0.0,0.0,2.0,0.0,0.0,0.0,0.0,0.0,0.0,0.0,0.0,0.0,0.0,0.0,0.0,0.0,0.0,0.0,2.0,0.0,0.0,0.0,0.0,1.0
7.0,2.0,0.0,2.0,5.0,2.0,1.0,2.0,6.0,3.0,2.0,10.0,1.0,0.0,0.0,0.0,10.0,1.0,0.0,1.0,1.0,0.0,1.0,0.0,3.0,0.0,0.0,0.0,0.0,0.0,7.0,0.0,2.0,2.0,1.0,1.0,2.0,1.0,1.0,0.0,3.0,0.0,3.0,0.0,1.0,1.0,0.0,2.0,7.0,4.0,0.0,0.0,3.0,1.0,0.0,1.0,1.0,2.0,0.0,0.0,0.0,0.0,0.0,0.0,0.0,0.0,0.0,0.0,0.0,0.0,0.0,0.0,0.0,36.0,0.0,1.0,0.0,0.0,0.0,3.0,0.0,0.0,0.0,0.0,0.0,0.0,0.0,1.0,1.0,0.0,0.0,0.0,1.0,0.0,0.0,2.0,0.0,0.0,0.0,0.0,2.0,0.0,0.0,0.0,0.0,0.0
4.0,4.0,4.0,1.0,0.0,2.0,2.0,0.0,0.0,0.0,1.0,0.0,2.0,1.0,1.0,0.0,0.0,0.0,2.0,2.0,0.0,1.0,15.0,1.0,0.0,1.0,1.0,0.0,0.0,2.0,0.0,8.0,0.0,0.0,0.0,0.0,0.0,0.0,0.0,0.0,0.0,0.0,0.0,0.0,0.0,0.0,0.0,0.0,0.0,0.0,0.0,1.0,0.0,0.0,3.0,0.0,0.0,0.0,0.0,2.0,0.0,0.0,0.0,0.0,1.0,0.0,0.0,0.0,1.0,0.0,1.0,0.0,2.0,0.0,34.0,0.0,0.0,0.0,0.0,0.0,0.0,0.0,1.0,0.0,0.0,0.0,1.0,1.0,0.0,0.0,0.0,0.0,0.0,0.0,0.0,0.0,0.0,0.0,0.0,1.0,0.0,1.0,1.0,1.0,0.0,0.0
8.0,2.0,4.0,0.0,5.0,6.0,4.0,2.0,2.0,1.0,1.0,4.0,4.0,0.0,2.0,0.0,0.0,0.0,0.0,3.0,1.0,3.0,8.0,0.0,2.0,1.0,0.0,2.0,0.0,0.0,1.0,0.0,1.0,1.0,0.0,0.0,0.0,2.0,0.0,0.0,2.0,1.0,0.0,0.0,0.0,0.0,0.0,3.0,0.0,0.0,0.0,1.0,2.0,0.0,3.0,1.0,1.0,0.0,0.0,3.0,0.0,0.0,0.0,0.0,0.0,0.0,1.0,1.0,0.0,0.0,0.0,0.0,1.0,1.0,0.0,34.0,1.0,0.0,0.0,4.0,0.0,1.0,1.0,0.0,1.0,0.0,0.0,0.0,0.0,0.0,2.0,0.0,0.0,0.0,0.0,1.0,0.0,0.0,1.0,0.0,1.0,0.0,0.0,0.0,0.0,0.0
10.0,4.0,3.0,4.0,5.0,2.0,1.0,2.0,2.0,0.0,1.0,1.0,0.0,0.0,1.0,0.0,2.0,2.0,0.0,0.0,0.0,1.0,1.0,0.0,0.0,1.0,1.0,0.0,0.0,0.0,0.0,0.0,0.0,0.0,0.0,1.0,0.0,0.0,0.0,0.0,1.0,0.0,1.0,0.0,0.0,1.0,0.0,2.0,0.0,0.0,1.0,0.0,0.0,0.0,0.0,0.0,1.0,2.0,0.0,2.0,0.0,0.0,0.0,0.0,0.0,0.0,0.0,0.0,0.0,0.0,2.0,0.0,0.0,0.0,0.0,1.0,58.0,0.0,0.0,0.0,0.0,1.0,0.0,0.0,0.0,0.0,4.0,0.0,0.0,0.0,0.0,0.0,0.0,0.0,0.0,0.0,0.0,1.0,0.0,0.0,0.0,0.0,0.0,0.0,0.0,0.0
3.0,3.0,0.0,12.0,7.0,2.0,1.0,2.0,10.0,1.0,2.0,0.0,1.0,0.0,2.0,0.0,0.0,24.0,0.0,0.0,0.0,0.0,0.0,0.0,0.0,0.0,0.0,0.0,0.0,0.0,0.0,0.0,2.0,2.0,3.0,3.0,1.0,0.0,3.0,1.0,1.0,0.0,0.0,0.0,0.0,1.0,0.0,0.0,0.0,0.0,0.0,0.0,0.0,1.0,0.0,0.0,2.0,1.0,0.0,0.0,0.0,0.0,2.0,0.0,0.0,1.0,0.0,0.0,0.0,0.0,0.0,0.0,0.0,0.0,0.0,0.0,0.0,33.0,0.0,0.0,0.0,1.0,0.0,0.0,0.0,0.0,0.0,1.0,0.0,0.0,0.0,1.0,0.0,0.0,0.0,0.0,0.0,1.0,0.0,0.0,0.0,0.0,0.0,0.0,0.0,0.0
7.0,4.0,0.0,5.0,1.0,4.0,3.0,0.0,6.0,0.0,4.0,0.0,1.0,0.0,0.0,0.0,0.0,0.0,0.0,0.0,0.0,0.0,0.0,0.0,0.0,1.0,0.0,0.0,0.0,0.0,0.0,0.0,2.0,1.0,2.0,0.0,0.0,0.0,1.0,3.0,0.0,0.0,0.0,0.0,0.0,0.0,0.0,0.0,0.0,0.0,0.0,0.0,0.0,4.0,1.0,0.0,0.0,1.0,0.0,1.0,0.0,0.0,1.0,0.0,0.0,0.0,0.0,0.0,0.0,0.0,0.0,0.0,0.0,0.0,0.0,0.0,0.0,0.0,37.0,0.0,0.0,0.0,0.0,1.0,1.0,0.0,0.0,0.0,0.0,0.0,0.0,2.0,0.0,0.0,0.0,0.0,0.0,0.0,0.0,0.0,0.0,0.0,0.0,0.0,0.0,0.0
3.0,1.0,1.0,1.0,1.0,1.0,2.0,0.0,0.0,1.0,1.0,0.0,2.0,1.0,0.0,0.0,2.0,1.0,0.0,0.0,0.0,0.0,2.0,0.0,0.0,0.0,0.0,1.0,0.0,0.0,0.0,0.0,4.0,2.0,0.0,1.0,1.0,0.0,0.0,0.0,1.0,0.0,0.0,0.0,0.0,0.0,2.0,7.0,1.0,2.0,0.0,0.0,1.0,0.0,0.0,1.0,0.0,0.0,1.0,0.0,0.0,0.0,2.0,1.0,0.0,0.0,0.0,0.0,0.0,0.0,0.0,0.0,1.0,3.0,0.0,4.0,0.0,0.0,0.0,32.0,1.0,0.0,0.0,0.0,0.0,0.0,0.0,0.0,0.0,0.0,0.0,0.0,1.0,0.0,0.0,0.0,0.0,0.0,0.0,0.0,1.0,0.0,0.0,0.0,0.0,0.0
2.0,5.0,19.0,0.0,0.0,0.0,0.0,0.0,0.0,0.0,0.0,1.0,2.0,4.0,0.0,0.0,1.0,0.0,4.0,0.0,1.0,1.0,0.0,1.0,0.0,1.0,0.0,1.0,0.0,0.0,0.0,0.0,0.0,0.0,0.0,0.0,0.0,1.0,0.0,0.0,0.0,2.0,0.0,0.0,0.0,0.0,0.0,2.0,0.0,0.0,0.0,0.0,0.0,0.0,0.0,0.0,0.0,0.0,0.0,0.0,2.0,0.0,0.0,0.0,0.0,0.0,0.0,6.0,0.0,0.0,0.0,0.0,0.0,0.0,0.0,0.0,0.0,0.0,0.0,1.0,87.0,0.0,0.0,0.0,0.0,0.0,0.0,1.0,0.0,1.0,0.0,0.0,0.0,0.0,0.0,0.0,0.0,0.0,0.0,1.0,0.0,0.0,0.0,0.0,0.0,0.0
5.0,4.0,1.0,1.0,6.0,1.0,0.0,3.0,0.0,1.0,0.0,1.0,0.0,0.0,4.0,0.0,0.0,0.0,1.0,5.0,7.0,2.0,0.0,1.0,2.0,0.0,0.0,0.0,0.0,0.0,0.0,0.0,1.0,5.0,1.0,0.0,0.0,1.0,1.0,0.0,1.0,0.0,0.0,0.0,0.0,0.0,0.0,1.0,0.0,0.0,0.0,0.0,0.0,0.0,0.0,0.0,0.0,2.0,1.0,1.0,0.0,0.0,0.0,0.0,0.0,1.0,0.0,0.0,0.0,0.0,0.0,0.0,0.0,0.0,0.0,1.0,1.0,1.0,0.0,0.0,0.0,31.0,1.0,1.0,0.0,0.0,0.0,1.0,0.0,0.0,0.0,0.0,0.0,0.0,0.0,0.0,0.0,0.0,0.0,0.0,1.0,0.0,0.0,0.0,0.0,0.0
7.0,5.0,3.0,0.0,2.0,3.0,0.0,2.0,3.0,2.0,1.0,3.0,0.0,1.0,2.0,0.0,2.0,0.0,3.0,2.0,2.0,2.0,3.0,1.0,2.0,0.0,0.0,2.0,1.0,0.0,0.0,1.0,1.0,2.0,0.0,0.0,1.0,1.0,0.0,1.0,0.0,0.0,0.0,0.0,0.0,1.0,0.0,0.0,0.0,2.0,0.0,1.0,2.0,0.0,0.0,0.0,1.0,1.0,1.0,3.0,0.0,0.0,1.0,0.0,2.0,2.0,0.0,1.0,0.0,0.0,0.0,0.0,0.0,0.0,1.0,1.0,0.0,0.0,0.0,0.0,0.0,1.0,31.0,0.0,0.0,0.0,1.0,0.0,0.0,0.0,0.0,1.0,0.0,0.0,0.0,1.0,0.0,1.0,0.0,2.0,0.0,0.0,1.0,0.0,0.0,0.0
5.0,4.0,3.0,20.0,3.0,2.0,2.0,7.0,3.0,2.0,1.0,0.0,0.0,0.0,2.0,0.0,0.0,2.0,1.0,2.0,1.0,0.0,0.0,0.0,0.0,1.0,0.0,1.0,1.0,1.0,2.0,0.0,1.0,0.0,11.0,0.0,0.0,0.0,5.0,0.0,0.0,0.0,0.0,3.0,0.0,3.0,0.0,0.0,0.0,0.0,0.0,0.0,1.0,2.0,0.0,0.0,0.0,0.0,1.0,1.0,0.0,0.0,0.0,0.0,0.0,3.0,0.0,0.0,0.0,1.0,0.0,0.0,0.0,0.0,0.0,0.0,0.0,0.0,1.0,0.0,0.0,1.0,0.0,31.0,0.0,0.0,0.0,0.0,3.0,0.0,0.0,1.0,0.0,0.0,0.0,2.0,0.0,0.0,0.0,1.0,2.0,0.0,0.0,0.0,0.0,0.0
0.0,1.0,8.0,0.0,0.0,0.0,0.0,0.0,0.0,0.0,0.0,0.0,0.0,1.0,0.0,17.0,0.0,0.0,1.0,0.0,0.0,0.0,1.0,0.0,0.0,0.0,0.0,0.0,1.0,0.0,0.0,0.0,1.0,0.0,0.0,0.0,0.0,0.0,0.0,0.0,0.0,0.0,0.0,0.0,0.0,0.0,4.0,0.0,0.0,0.0,0.0,0.0,0.0,0.0,0.0,0.0,0.0,0.0,0.0,0.0,0.0,2.0,0.0,1.0,0.0,0.0,0.0,1.0,0.0,0.0,0.0,0.0,2.0,0.0,0.0,1.0,0.0,0.0,1.0,0.0,0.0,0.0,0.0,0.0,73.0,0.0,0.0,1.0,0.0,0.0,0.0,0.0,0.0,0.0,1.0,0.0,0.0,0.0,0.0,0.0,0.0,0.0,0.0,0.0,0.0,4.0
6.0,20.0,5.0,0.0,0.0,3.0,3.0,0.0,1.0,1.0,3.0,0.0,2.0,3.0,1.0,5.0,0.0,0.0,5.0,1.0,1.0,1.0,0.0,0.0,0.0,0.0,1.0,2.0,3.0,0.0,0.0,0.0,0.0,0.0,0.0,0.0,0.0,0.0,0.0,0.0,0.0,0.0,0.0,0.0,0.0,0.0,1.0,0.0,0.0,0.0,2.0,0.0,0.0,0.0,0.0,1.0,0.0,0.0,0.0,0.0,1.0,1.0,0.0,2.0,2.0,1.0,0.0,0.0,6.0,0.0,2.0,0.0,0.0,0.0,0.0,0.0,0.0,0.0,0.0,0.0,0.0,0.0,0.0,0.0,0.0,30.0,0.0,0.0,0.0,0.0,0.0,0.0,0.0,0.0,0.0,0.0,0.0,0.0,0.0,0.0,0.0,0.0,0.0,0.0,0.0,1.0
7.0,9.0,0.0,0.0,0.0,2.0,4.0,0.0,2.0,1.0,3.0,0.0,2.0,0.0,0.0,0.0,0.0,0.0,0.0,1.0,1.0,1.0,0.0,0.0,0.0,0.0,0.0,0.0,1.0,0.0,0.0,2.0,1.0,0.0,0.0,0.0,0.0,0.0,0.0,0.0,0.0,0.0,0.0,0.0,3.0,0.0,0.0,0.0,0.0,0.0,0.0,0.0,1.0,0.0,0.0,1.0,0.0,1.0,0.0,0.0,0.0,0.0,1.0,0.0,0.0,0.0,0.0,0.0,1.0,0.0,1.0,0.0,0.0,0.0,1.0,0.0,4.0,0.0,0.0,0.0,0.0,0.0,1.0,0.0,0.0,0.0,30.0,0.0,0.0,0.0,0.0,0.0,0.0,0.0,0.0,0.0,0.0,0.0,0.0,2.0,0.0,0.0,0.0,0.0,0.0,0.0
4.0,10.0,7.0,1.0,2.0,2.0,0.0,1.0,1.0,0.0,0.0,0.0,2.0,0.0,3.0,0.0,0.0,0.0,0.0,3.0,4.0,1.0,1.0,1.0,0.0,1.0,0.0,0.0,3.0,0.0,0.0,1.0,1.0,0.0,0.0,0.0,0.0,0.0,0.0,0.0,0.0,0.0,0.0,0.0,8.0,0.0,0.0,1.0,0.0,0.0,0.0,0.0,1.0,0.0,0.0,1.0,0.0,0.0,0.0,2.0,0.0,0.0,0.0,0.0,0.0,0.0,0.0,1.0,0.0,1.0,0.0,1.0,0.0,1.0,1.0,0.0,0.0,1.0,0.0,0.0,1.0,1.0,0.0,0.0,1.0,0.0,0.0,31.0,0.0,0.0,1.0,0.0,0.0,0.0,0.0,0.0,0.0,0.0,0.0,0.0,0.0,0.0,1.0,0.0,0.0,0.0
6.0,1.0,0.0,4.0,18.0,2.0,1.0,15.0,6.0,1.0,1.0,0.0,1.0,0.0,0.0,0.0,0.0,1.0,0.0,0.0,0.0,0.0,0.0,0.0,0.0,0.0,0.0,0.0,0.0,0.0,0.0,0.0,0.0,1.0,2.0,1.0,1.0,0.0,1.0,0.0,1.0,0.0,0.0,7.0,0.0,3.0,0.0,0.0,0.0,0.0,0.0,0.0,2.0,0.0,0.0,1.0,1.0,0.0,0.0,0.0,0.0,0.0,0.0,0.0,0.0,0.0,0.0,0.0,0.0,0.0,0.0,0.0,0.0,1.0,0.0,0.0,0.0,0.0,0.0,0.0,0.0,0.0,0.0,3.0,0.0,0.0,0.0,0.0,28.0,0.0,0.0,0.0,0.0,0.0,0.0,0.0,0.0,0.0,0.0,0.0,0.0,0.0,0.0,0.0,4.0,0.0
8.0,2.0,0.0,0.0,0.0,1.0,2.0,0.0,0.0,0.0,0.0,2.0,0.0,1.0,0.0,2.0,0.0,0.0,0.0,0.0,0.0,0.0,1.0,0.0,0.0,0.0,0.0,0.0,0.0,0.0,0.0,0.0,1.0,0.0,0.0,0.0,0.0,21.0,0.0,0.0,0.0,0.0,1.0,0.0,0.0,0.0,1.0,0.0,0.0,0.0,1.0,0.0,0.0,0.0,1.0,0.0,0.0,0.0,0.0,0.0,0.0,0.0,0.0,0.0,0.0,0.0,0.0,0.0,0.0,0.0,0.0,0.0,0.0,0.0,0.0,0.0,0.0,0.0,0.0,0.0,1.0,0.0,0.0,0.0,0.0,0.0,0.0,0.0,0.0,34.0,0.0,0.0,0.0,2.0,0.0,0.0,0.0,0.0,0.0,0.0,0.0,1.0,0.0,0.0,0.0,0.0
5.0,7.0,23.0,0.0,0.0,1.0,0.0,0.0,1.0,1.0,0.0,0.0,0.0,2.0,5.0,0.0,0.0,0.0,0.0,2.0,0.0,1.0,2.0,3.0,0.0,0.0,0.0,2.0,3.0,0.0,0.0,0.0,0.0,1.0,0.0,0.0,0.0,0.0,0.0,0.0,0.0,0.0,0.0,0.0,0.0,0.0,0.0,0.0,0.0,0.0,0.0,11.0,0.0,0.0,1.0,0.0,0.0,0.0,0.0,1.0,0.0,1.0,0.0,0.0,1.0,0.0,0.0,0.0,0.0,1.0,0.0,2.0,0.0,0.0,0.0,2.0,0.0,0.0,0.0,0.0,0.0,0.0,0.0,0.0,0.0,0.0,0.0,1.0,0.0,0.0,27.0,0.0,0.0,0.0,0.0,0.0,0.0,0.0,0.0,0.0,0.0,0.0,0.0,1.0,0.0,1.0
7.0,2.0,12.0,0.0,1.0,4.0,2.0,1.0,11.0,2.0,1.0,0.0,1.0,0.0,1.0,0.0,0.0,2.0,0.0,0.0,2.0,0.0,1.0,1.0,0.0,10.0,0.0,0.0,0.0,0.0,0.0,0.0,0.0,1.0,1.0,0.0,0.0,0.0,0.0,2.0,0.0,2.0,0.0,0.0,0.0,0.0,0.0,0.0,0.0,0.0,0.0,0.0,3.0,3.0,0.0,0.0,6.0,0.0,4.0,2.0,0.0,0.0,0.0,0.0,0.0,0.0,0.0,0.0,0.0,3.0,0.0,2.0,0.0,0.0,0.0,0.0,0.0,1.0,2.0,0.0,0.0,0.0,1.0,1.0,0.0,0.0,0.0,0.0,0.0,0.0,0.0,27.0,0.0,0.0,1.0,2.0,0.0,0.0,0.0,0.0,0.0,0.0,0.0,1.0,0.0,0.0
1.0,1.0,2.0,0.0,2.0,0.0,0.0,0.0,1.0,0.0,0.0,2.0,0.0,1.0,0.0,1.0,1.0,0.0,0.0,0.0,0.0,0.0,1.0,0.0,0.0,1.0,0.0,0.0,0.0,0.0,0.0,0.0,0.0,0.0,0.0,0.0,1.0,0.0,0.0,1.0,1.0,0.0,2.0,0.0,0.0,0.0,0.0,0.0,0.0,0.0,0.0,0.0,0.0,0.0,1.0,0.0,0.0,2.0,1.0,0.0,0.0,1.0,0.0,0.0,0.0,0.0,0.0,0.0,0.0,0.0,0.0,0.0,0.0,1.0,0.0,0.0,0.0,0.0,0.0,1.0,0.0,0.0,0.0,0.0,0.0,0.0,0.0,0.0,0.0,0.0,0.0,0.0,29.0,0.0,0.0,0.0,0.0,0.0,1.0,0.0,2.0,1.0,0.0,0.0,0.0,0.0
4.0,0.0,0.0,0.0,0.0,0.0,0.0,0.0,0.0,0.0,1.0,5.0,0.0,0.0,0.0,0.0,2.0,0.0,0.0,0.0,1.0,0.0,0.0,0.0,0.0,0.0,0.0,0.0,0.0,1.0,0.0,0.0,0.0,0.0,0.0,0.0,1.0,3.0,0.0,0.0,1.0,0.0,0.0,0.0,0.0,0.0,0.0,1.0,0.0,0.0,0.0,0.0,0.0,0.0,0.0,0.0,0.0,0.0,0.0,0.0,0.0,0.0,0.0,0.0,0.0,0.0,3.0,0.0,0.0,0.0,0.0,0.0,0.0,0.0,0.0,0.0,0.0,0.0,0.0,0.0,0.0,0.0,0.0,0.0,0.0,0.0,0.0,0.0,0.0,2.0,0.0,0.0,0.0,28.0,0.0,0.0,0.0,0.0,0.0,0.0,1.0,0.0,0.0,0.0,0.0,0.0
0.0,2.0,9.0,0.0,0.0,0.0,0.0,0.0,1.0,0.0,0.0,0.0,0.0,7.0,0.0,6.0,0.0,0.0,0.0,0.0,1.0,0.0,0.0,0.0,0.0,2.0,0.0,0.0,0.0,0.0,0.0,0.0,0.0,0.0,0.0,0.0,0.0,0.0,0.0,1.0,0.0,0.0,0.0,0.0,0.0,0.0,3.0,0.0,0.0,0.0,0.0,1.0,0.0,1.0,0.0,0.0,0.0,0.0,0.0,0.0,3.0,1.0,0.0,3.0,3.0,0.0,0.0,0.0,0.0,0.0,0.0,0.0,0.0,0.0,0.0,0.0,0.0,0.0,0.0,0.0,0.0,0.0,0.0,0.0,1.0,0.0,0.0,0.0,0.0,0.0,0.0,1.0,0.0,0.0,26.0,0.0,0.0,0.0,0.0,0.0,0.0,0.0,0.0,0.0,0.0,0.0
2.0,1.0,4.0,5.0,1.0,2.0,3.0,2.0,3.0,0.0,1.0,0.0,1.0,1.0,0.0,0.0,0.0,0.0,0.0,0.0,2.0,0.0,2.0,0.0,1.0,2.0,0.0,0.0,0.0,0.0,0.0,0.0,2.0,0.0,3.0,1.0,0.0,0.0,1.0,1.0,0.0,0.0,0.0,2.0,0.0,1.0,0.0,0.0,0.0,0.0,0.0,1.0,5.0,4.0,0.0,1.0,0.0,0.0,5.0,1.0,1.0,0.0,0.0,0.0,0.0,0.0,0.0,0.0,0.0,0.0,0.0,0.0,0.0,2.0,0.0,1.0,0.0,0.0,0.0,0.0,0.0,0.0,1.0,2.0,0.0,0.0,0.0,0.0,0.0,0.0,0.0,2.0,0.0,0.0,0.0,26.0,0.0,0.0,0.0,0.0,1.0,0.0,1.0,1.0,0.0,0.0
13.0,3.0,0.0,0.0,0.0,2.0,2.0,0.0,1.0,1.0,3.0,13.0,0.0,0.0,0.0,0.0,0.0,0.0,0.0,0.0,0.0,0.0,2.0,0.0,0.0,0.0,0.0,0.0,0.0,8.0,7.0,0.0,1.0,0.0,0.0,0.0,1.0,0.0,0.0,0.0,0.0,0.0,11.0,1.0,0.0,0.0,0.0,0.0,0.0,0.0,0.0,0.0,0.0,0.0,0.0,0.0,0.0,0.0,0.0,0.0,0.0,0.0,0.0,0.0,0.0,0.0,0.0,0.0,0.0,0.0,0.0,0.0,0.0,0.0,0.0,0.0,0.0,0.0,0.0,0.0,0.0,0.0,0.0,0.0,0.0,0.0,0.0,0.0,0.0,0.0,0.0,0.0,0.0,0.0,0.0,0.0,27.0,0.0,0.0,0.0,0.0,0.0,0.0,0.0,0.0,0.0
1.0,2.0,1.0,0.0,6.0,2.0,1.0,0.0,4.0,1.0,4.0,0.0,0.0,0.0,1.0,0.0,0.0,1.0,0.0,0.0,2.0,1.0,0.0,0.0,1.0,1.0,0.0,0.0,0.0,0.0,0.0,0.0,1.0,0.0,0.0,3.0,1.0,0.0,0.0,1.0,0.0,2.0,0.0,0.0,0.0,1.0,0.0,1.0,0.0,0.0,0.0,0.0,0.0,1.0,0.0,0.0,1.0,0.0,0.0,1.0,0.0,1.0,0.0,0.0,0.0,0.0,0.0,0.0,0.0,0.0,0.0,0.0,0.0,0.0,0.0,0.0,1.0,1.0,0.0,0.0,0.0,0.0,1.0,0.0,0.0,0.0,0.0,0.0,0.0,0.0,0.0,0.0,0.0,0.0,0.0,0.0,0.0,37.0,0.0,0.0,0.0,0.0,0.0,0.0,0.0,0.0
12.0,4.0,1.0,2.0,1.0,2.0,6.0,0.0,1.0,2.0,1.0,0.0,1.0,0.0,0.0,0.0,0.0,2.0,0.0,0.0,0.0,0.0,1.0,0.0,2.0,0.0,0.0,0.0,0.0,0.0,0.0,1.0,0.0,0.0,0.0,0.0,0.0,0.0,0.0,0.0,0.0,0.0,0.0,0.0,0.0,0.0,0.0,1.0,0.0,0.0,0.0,0.0,0.0,0.0,0.0,0.0,0.0,0.0,0.0,3.0,0.0,0.0,0.0,0.0,0.0,0.0,2.0,0.0,0.0,0.0,0.0,0.0,0.0,0.0,0.0,1.0,0.0,0.0,0.0,0.0,0.0,0.0,0.0,0.0,0.0,0.0,0.0,0.0,0.0,0.0,0.0,0.0,1.0,0.0,0.0,0.0,0.0,0.0,29.0,0.0,0.0,0.0,0.0,0.0,0.0,0.0
2.0,8.0,3.0,2.0,0.0,1.0,1.0,0.0,1.0,1.0,0.0,0.0,0.0,1.0,2.0,0.0,0.0,3.0,8.0,0.0,0.0,8.0,2.0,0.0,1.0,1.0,0.0,1.0,1.0,0.0,0.0,0.0,0.0,0.0,2.0,1.0,0.0,0.0,1.0,0.0,0.0,0.0,0.0,0.0,0.0,0.0,0.0,1.0,0.0,0.0,0.0,1.0,0.0,0.0,0.0,0.0,0.0,0.0,0.0,0.0,0.0,0.0,0.0,0.0,1.0,4.0,0.0,0.0,0.0,0.0,3.0,0.0,0.0,0.0,1.0,0.0,0.0,0.0,0.0,0.0,1.0,0.0,2.0,1.0,0.0,0.0,2.0,0.0,0.0,0.0,0.0,0.0,0.0,0.0,0.0,0.0,0.0,0.0,0.0,26.0,0.0,0.0,0.0,0.0,0.0,0.0
1.0,0.0,0.0,3.0,2.0,1.0,0.0,1.0,1.0,0.0,1.0,2.0,1.0,2.0,0.0,0.0,2.0,0.0,0.0,0.0,0.0,0.0,2.0,0.0,0.0,0.0,0.0,0.0,0.0,0.0,0.0,0.0,1.0,0.0,1.0,0.0,0.0,0.0,1.0,0.0,0.0,0.0,1.0,0.0,0.0,0.0,0.0,1.0,0.0,0.0,0.0,0.0,3.0,1.0,0.0,1.0,0.0,0.0,1.0,0.0,0.0,0.0,0.0,0.0,0.0,0.0,0.0,0.0,0.0,0.0,0.0,0.0,2.0,2.0,0.0,1.0,0.0,0.0,0.0,1.0,0.0,1.0,0.0,2.0,0.0,0.0,0.0,0.0,0.0,0.0,0.0,0.0,2.0,1.0,0.0,1.0,0.0,0.0,0.0,0.0,26.0,1.0,0.0,0.0,0.0,0.0
5.0,1.0,0.0,2.0,0.0,1.0,0.0,1.0,3.0,0.0,1.0,1.0,0.0,0.0,0.0,0.0,0.0,0.0,0.0,0.0,0.0,0.0,0.0,0.0,1.0,0.0,0.0,0.0,0.0,14.0,0.0,0.0,1.0,0.0,1.0,0.0,0.0,1.0,0.0,0.0,0.0,4.0,1.0,0.0,0.0,1.0,0.0,0.0,0.0,0.0,0.0,0.0,0.0,2.0,0.0,0.0,2.0,2.0,0.0,0.0,1.0,0.0,1.0,0.0,0.0,0.0,0.0,0.0,0.0,0.0,0.0,0.0,0.0,0.0,1.0,0.0,0.0,0.0,0.0,0.0,0.0,0.0,0.0,0.0,0.0,0.0,0.0,0.0,0.0,1.0,0.0,0.0,1.0,0.0,0.0,0.0,0.0,0.0,0.0,0.0,1.0,30.0,0.0,0.0,0.0,0.0
2.0,4.0,5.0,1.0,1.0,0.0,0.0,1.0,0.0,1.0,0.0,0.0,1.0,7.0,0.0,0.0,0.0,0.0,0.0,2.0,1.0,0.0,0.0,1.0,1.0,1.0,1.0,0.0,1.0,0.0,0.0,0.0,1.0,0.0,0.0,1.0,0.0,0.0,0.0,0.0,0.0,0.0,0.0,1.0,1.0,1.0,0.0,2.0,0.0,0.0,2.0,0.0,1.0,0.0,2.0,0.0,0.0,0.0,1.0,1.0,0.0,0.0,0.0,0.0,2.0,0.0,0.0,0.0,0.0,1.0,0.0,0.0,0.0,0.0,1.0,0.0,0.0,0.0,0.0,0.0,0.0,0.0,1.0,0.0,0.0,0.0,0.0,1.0,0.0,0.0,0.0,0.0,0.0,0.0,0.0,1.0,0.0,0.0,0.0,0.0,0.0,0.0,26.0,0.0,0.0,0.0
5.0,6.0,22.0,2.0,0.0,1.0,0.0,1.0,1.0,2.0,3.0,0.0,1.0,2.0,0.0,1.0,0.0,1.0,1.0,0.0,0.0,0.0,1.0,1.0,2.0,6.0,0.0,0.0,0.0,0.0,0.0,0.0,1.0,0.0,1.0,0.0,1.0,0.0,0.0,0.0,0.0,0.0,0.0,0.0,0.0,0.0,0.0,0.0,0.0,0.0,0.0,4.0,0.0,1.0,0.0,0.0,0.0,0.0,1.0,0.0,1.0,0.0,0.0,0.0,1.0,1.0,0.0,0.0,1.0,1.0,0.0,1.0,0.0,0.0,1.0,0.0,0.0,0.0,0.0,0.0,0.0,0.0,0.0,0.0,0.0,0.0,0.0,0.0,0.0,0.0,1.0,1.0,0.0,0.0,0.0,1.0,0.0,0.0,0.0,0.0,0.0,0.0,0.0,25.0,0.0,0.0
3.0,1.0,0.0,4.0,8.0,1.0,0.0,8.0,1.0,3.0,2.0,1.0,0.0,1.0,1.0,0.0,0.0,2.0,0.0,1.0,0.0,0.0,0.0,0.0,0.0,0.0,0.0,0.0,0.0,0.0,0.0,0.0,0.0,0.0,0.0,0.0,0.0,1.0,0.0,2.0,5.0,0.0,0.0,8.0,0.0,6.0,0.0,0.0,0.0,0.0,1.0,1.0,1.0,1.0,0.0,0.0,0.0,0.0,1.0,0.0,0.0,0.0,3.0,0.0,0.0,0.0,0.0,0.0,0.0,0.0,0.0,0.0,0.0,0.0,0.0,0.0,0.0,0.0,0.0,0.0,0.0,0.0,0.0,0.0,0.0,0.0,0.0,0.0,4.0,0.0,0.0,0.0,0.0,0.0,0.0,0.0,0.0,0.0,0.0,0.0,0.0,0.0,0.0,0.0,26.0,0.0
1.0,2.0,14.0,0.0,0.0,2.0,1.0,0.0,0.0,0.0,1.0,0.0,3.0,9.0,0.0,24.0,0.0,0.0,2.0,1.0,0.0,0.0,0.0,0.0,0.0,2.0,0.0,0.0,2.0,0.0,0.0,0.0,0.0,0.0,0.0,0.0,0.0,0.0,0.0,0.0,0.0,1.0,0.0,0.0,0.0,0.0,6.0,0.0,0.0,0.0,0.0,1.0,0.0,0.0,0.0,0.0,0.0,0.0,0.0,0.0,0.0,19.0,0.0,8.0,0.0,0.0,0.0,0.0,2.0,0.0,0.0,0.0,1.0,0.0,0.0,0.0,0.0,0.0,0.0,0.0,0.0,0.0,0.0,0.0,4.0,1.0,0.0,0.0,0.0,0.0,1.0,0.0,0.0,0.0,0.0,0.0,0.0,0.0,0.0,0.0,0.0,0.0,0.0,0.0,0.0,32.0
