source,aim,w
0.0,1.0,0.23074083364480544
0.0,2.0,0.08414636071623355
0.0,3.0,0.0949451130430891
0.0,4.0,0.07402629565213671
0.0,5.0,0.3999012525272504
0.0,6.0,0.2914567462712692
0.0,7.0,0.08341245390295171
0.0,8.0,0.11067618836604838
0.0,9.0,0.29639336568196784
0.0,10.0,0.20779478621628888
0.0,11.0,0.16592796180179598
0.0,12.0,0.22522192635161326
0.0,13.0,0.02442720572422907
0.0,14.0,0.0620496932635935
0.0,15.0,0.008458311905636982
0.0,16.0,0.16313851185441006
0.0,17.0,0.05780062250185215
0.0,18.0,0.028342375993809826
0.0,19.0,0.037680684556431934
0.0,20.0,0.056712396345267674
0.0,21.0,0.042796049251091296
0.0,22.0,0.053145881799021785
0.0,23.0,0.04085605045877877
0.0,24.0,0.2342101332939181
0.0,25.0,0.04657127599530763
0.0,26.0,0.015362886358213769
0.0,27.0,0.04766539220190857
0.0,28.0,0.009464899825923332
0.0,29.0,0.06406185113300612
0.0,30.0,0.11548523916284732
0.0,31.0,0.023059192053884958
0.0,32.0,0.02781459393413108
0.0,33.0,0.06012325878048521
0.0,34.0,0.02882636231459838
0.0,35.0,0.01181908700606436
0.0,36.0,0.02781459393413108
0.0,37.0,0.059598687502356563
0.0,38.0,0.02593832282866296
0.0,39.0,0.02384108051496949
0.0,40.0,0.03745137958721388
0.0,41.0,0.029799343751178282
0.0,42.0,0.07091452203638618
0.0,43.0,0.04956347617776507
0.0,44.0,0.032552336799117856
0.0,45.0,0.03813696271356911
0.0,46.0,0.008735706972682653
0.0,47.0,0.039726679008161965
0.0,48.0,0.12410041356367578
0.0,49.0,0.1361593144107471
0.0,50.0,0.01296916141433148
0.0,51.0,0.017847186267098032
0.0,52.0,0.06386903850265856
0.0,53.0,0.0182482967150453
0.0,55.0,0.17074821689715602
0.0,56.0,0.032303716710272753
0.0,57.0,0.023979290835216074
0.0,58.0,0.046118384107769916
0.0,59.0,0.03268602252303068
0.0,60.0,0.004614816672896109
0.0,61.0,0.008828150890702656
0.0,62.0,0.011720180773462386
0.0,64.0,0.02768890003737665
0.0,65.0,0.02737244507256795
0.0,66.0,0.024874698365017798
0.0,67.0,0.017132130891822073
0.0,68.0,0.09818087045699816
0.0,69.0,0.028708462588160732
0.0,70.0,0.020174251088960083
0.0,71.0,0.04727634802425744
0.0,72.0,0.021398024625545648
0.0,73.0,0.03530493940568015
0.0,74.0,0.020759133108398237
0.0,75.0,0.04151826621679647
0.0,76.0,0.03973513419161583
0.0,77.0,0.01580348853102535
0.0,78.0,0.03482457771102492
0.0,79.0,0.016048518469159237
0.0,80.0,0.00648872024203174
0.0,81.0,0.02717551844997501
0.0,82.0,0.038045725829965016
0.0,83.0,0.02717551844997501
0.0,85.0,0.0331496772065898
0.0,86.0,0.0386746234076881
0.0,87.0,0.02174041475998001
0.0,88.0,0.03431317581537582
0.0,89.0,0.04151826621679647
0.0,90.0,0.029119023242275513
0.0,91.0,0.040766632539185714
0.0,92.0,0.005619396567649799
0.0,93.0,0.02287545054358388
0.0,95.0,0.011869488458622457
0.0,96.0,0.07570946042991633
0.0,97.0,0.004974939673003559
0.0,98.0,0.06743275881179757
0.0,99.0,0.011869488458622457
0.0,100.0,0.005934744229311229
0.0,101.0,0.027624731005491496
0.0,102.0,0.011869488458622457
0.0,103.0,0.030261376633440126
0.0,104.0,0.017804232687933685
0.0,105.0,0.005349506156386412
1.0,2.0,0.11183616817827974
1.0,3.0,0.029805984337884082
1.0,4.0,0.02288019266154875
1.0,5.0,0.16239427827783728
1.0,6.0,0.17042115171053648
1.0,7.0,0.023580443473636137
1.0,8.0,0.10328506458254434
1.0,9.0,0.17856910098548706
1.0,10.0,0.2317978269055591
1.0,11.0,0.03111345191024653
1.0,12.0,0.14792982473464825
1.0,13.0,0.02667122624037985
1.0,14.0,0.08599029209398244
1.0,15.0,0.015344872638085653
1.0,16.0,0.029303177430330264
1.0,17.0,0.0405258142408975
1.0,18.0,0.12568863758880933
1.0,19.0,0.049662827301893184
1.0,20.0,0.05477743344639721
1.0,21.0,0.05545685479033975
1.0,22.0,0.026782228355270558
1.0,23.0,0.05833526077250814
1.0,24.0,0.12017333402020842
1.0,25.0,0.025033637101630042
1.0,26.0,0.06503231220173925
1.0,27.0,0.04117783113353516
1.0,28.0,0.038157780044933615
1.0,29.0,0.01467418177209373
1.0,30.0,0.03145805309302787
1.0,31.0,0.04648161071901186
1.0,32.0,0.0240288519438982
1.0,33.0,0.012119357448701656
1.0,34.0,0.02075242687882301
1.0,35.0,0.011912173678640626
1.0,36.0,0.0120144259719491
1.0,37.0,0.015017021115565556
1.0,38.0,0.01742840803801196
1.0,39.0,0.0040048086573163675
1.0,40.0,0.0034314859277945965
1.0,41.0,0.030034042231131118
1.0,42.0,0.011912173678640626
1.0,43.0,0.0076852055693898014
1.0,44.0,0.0947807401549436
1.0,45.0,0.0213540710879491
1.0,46.0,0.013206763594884359
1.0,47.0,0.017795362132005166
1.0,48.0,0.013897535958414064
1.0,49.0,0.019328408438016857
1.0,50.0,0.026142612057017945
1.0,51.0,0.044969375041328793
1.0,52.0,0.022990024493585143
1.0,53.0,0.013794014696151087
1.0,54.0,0.00646592645026247
1.0,55.0,0.0930232558139535
1.0,56.0,0.0372093023255814
1.0,57.0,0.018797450624778514
1.0,58.0,0.007746935119835309
1.0,59.0,0.028237248320100706
1.0,60.0,0.00930232558139535
1.0,61.0,0.013346521599003873
1.0,62.0,0.003937496154790789
1.0,63.0,0.004546628929803157
1.0,64.0,0.04186046511627908
1.0,65.0,0.05517605878460435
1.0,66.0,0.01504236631691701
1.0,67.0,0.01726706289274927
1.0,68.0,0.10884955311896456
1.0,69.0,0.019289712886816485
1.0,70.0,0.07116599948854885
1.0,71.0,0.01985362279773438
1.0,72.0,0.004313310928137536
1.0,73.0,0.010166571355506979
1.0,74.0,0.02092263123863766
1.0,75.0,0.01046131561931883
1.0,76.0,0.016019234629265466
1.0,77.0,0.01592795619605697
1.0,78.0,0.02005648842255601
1.0,79.0,0.00539163866017192
1.0,80.0,0.016349562879842853
1.0,81.0,0.021911641426591074
1.0,82.0,0.02738955178323884
1.0,83.0,0.021911641426591074
1.0,84.0,0.00356972152349957
1.0,85.0,0.1113692092779409
1.0,86.0,0.050116144175073415
1.0,87.0,0.05477910356647768
1.0,88.0,0.00576390417704235
1.0,89.0,0.01046131561931883
1.0,90.0,0.04108770896186245
1.0,91.0,0.011739345417674985
1.0,92.0,0.005663654717885991
1.0,94.0,0.011962972091091584
1.0,95.0,0.005981486045545792
1.0,96.0,0.017609018126512478
1.0,97.0,0.010028244211278004
1.0,98.0,0.022654618871543963
1.0,99.0,0.04785188836436634
1.0,101.0,0.005568460463897046
1.0,102.0,0.02392594418218317
1.0,103.0,0.03659965687982512
1.0,104.0,0.005981486045545792
1.0,105.0,0.01078327732034384
2.0,3.0,0.023574941499444627
2.0,4.0,0.005979881641373997
2.0,5.0,0.05684602813601456
2.0,6.0,0.03819164121377162
2.0,7.0,0.0041085977176647664
2.0,8.0,0.05173888038304065
2.0,9.0,0.07523926510496998
2.0,10.0,0.032593724338780834
2.0,11.0,0.001948218715351164
2.0,12.0,0.04343963497776986
2.0,13.0,0.1109948650646737
2.0,14.0,0.09137197775457473
2.0,15.0,0.07003483860275478
2.0,16.0,0.001630991532500285
2.0,17.0,0.0076127666566910045
2.0,18.0,0.028618893527162882
2.0,19.0,0.10243775687557352
2.0,20.0,0.059651771999386226
2.0,21.0,0.037040212774409394
2.0,22.0,0.05031036607998148
2.0,23.0,0.10657452673969617
2.0,24.0,0.06879859325514648
2.0,25.0,0.19437264809025467
2.0,26.0,0.0279229891062404
2.0,27.0,0.0825093110242809
2.0,28.0,0.1847733549756773
2.0,31.0,0.050449024402168856
2.0,32.0,0.01604912128701912
2.0,33.0,0.01618929094649013
2.0,34.0,0.02910760177753243
2.0,36.0,0.00802456064350956
2.0,38.0,0.04365230938229578
2.0,39.0,0.00401228032175478
2.0,41.0,0.07898644934440116
2.0,44.0,0.018261071163032633
2.0,45.0,0.004278782161490046
2.0,46.0,0.061746547802912374
2.0,47.0,0.026742843695030556
2.0,50.0,0.03492184750583662
2.0,51.0,0.18021309280812484
2.0,52.0,0.05527899928227821
2.0,53.0,0.023032916367615917
2.0,54.0,0.035628943660013755
2.0,55.0,0.009319680681523312
2.0,56.0,0.03727872272609325
2.0,57.0,0.002690360075119419
2.0,58.0,0.15134707320650656
2.0,59.0,0.0377199063991114
2.0,60.0,0.0419385630668549
2.0,61.0,0.07577139046925323
2.0,63.0,0.06377156035372793
2.0,64.0,0.027959042044569938
2.0,65.0,0.004606583273523184
2.0,66.0,0.0050234768191927005
2.0,67.0,0.0968759545058584
2.0,68.0,0.009913875529090036
2.0,69.0,0.11112278183338592
2.0,70.0,0.005092769427934507
2.0,71.0,0.06365012214712577
2.0,72.0,0.03889222341312986
2.0,74.0,0.02096166603234701
2.0,75.0,0.02096166603234701
2.0,76.0,0.01203684096526434
2.0,79.0,0.005401697696268036
2.0,80.0,0.06224425012429111
2.0,81.0,0.005488130347541418
2.0,82.0,0.016464391042624253
2.0,83.0,0.016464391042624253
2.0,84.0,0.028611051660040143
2.0,85.0,0.0278942469585241
2.0,87.0,0.03841691243278992
2.0,90.0,0.13525434280637946
2.0,91.0,0.07056748320332842
2.0,92.0,0.011348442494136593
2.0,94.0,0.053933809897246464
2.0,95.0,0.023970582176553984
2.0,97.0,0.0050234768191927005
2.0,98.0,0.0056742212470682965
2.0,99.0,0.017977936632415488
2.0,102.0,0.02996322772069248
2.0,103.0,0.134449112897471
2.0,105.0,0.07562376774775251
3.0,4.0,0.17447110537386806
3.0,5.0,0.042893779566191566
3.0,6.0,0.04915996762308145
3.0,7.0,0.19710031396166772
3.0,8.0,0.1010238350672098
3.0,9.0,0.03095804675685243
3.0,10.0,0.03771859665740025
3.0,11.0,0.003279340756116418
3.0,12.0,0.02150582392052121
3.0,13.0,0.013839422072265486
3.0,14.0,0.030760391352007917
3.0,15.0,0.005750546327852951
3.0,17.0,0.18794153752940854
3.0,18.0,0.004817277608467333
3.0,19.0,0.049265268163789934
3.0,20.0,0.03213084618079199
3.0,21.0,0.010391328106475828
3.0,22.0,0.022582657363358974
3.0,23.0,0.005786827737156788
3.0,24.0,0.018094576362831138
3.0,25.0,0.04749356901459777
3.0,27.0,0.005786827737156788
3.0,28.0,0.005362412100731557
3.0,29.0,0.019797129030549955
3.0,30.0,0.015915175351980757
3.0,31.0,0.006532181680580171
3.0,32.0,0.05402939323154051
3.0,33.0,0.027250637310442926
3.0,34.0,0.2449769732467213
3.0,35.0,0.06696195030752566
3.0,36.0,0.06078306738548307
3.0,37.0,0.0063311431366465535
3.0,38.0,0.21308557851907928
3.0,39.0,0.05402939323154051
3.0,40.0,0.023147310948627157
3.0,41.0,0.018993429409939658
3.0,43.0,0.11016223710929636
3.0,44.0,0.006147592613027646
3.0,45.0,0.11523621752038478
3.0,47.0,0.022507456830317185
3.0,50.0,0.014695557139246846
3.0,51.0,0.007583595919888167
3.0,52.0,0.03877017543326962
3.0,53.0,0.12406456138646275
3.0,54.0,0.016356122383769687
3.0,55.0,0.023531040266750583
3.0,56.0,0.023531040266750583
3.0,57.0,0.009057101621546916
3.0,58.0,0.026128726722320684
3.0,60.0,0.007843680088916862
3.0,61.0,0.007502485610105728
3.0,62.0,0.03984095364447978
3.0,63.0,0.007667395103803935
3.0,65.0,0.08529438595319316
3.0,66.0,0.008455771490530683
3.0,67.0,0.0058238046484551005
3.0,69.0,0.008132500607904443
3.0,71.0,0.013392390061505131
3.0,72.0,0.01454785934906616
3.0,73.0,0.017144816662454657
3.0,74.0,0.008820935400416051
3.0,76.0,0.027014696615770252
3.0,77.0,0.1074430618700507
3.0,78.0,0.04227885745265342
3.0,79.0,0.009092412093166349
3.0,81.0,0.009237899924561557
3.0,83.0,0.1847579984912311
3.0,87.0,0.009237899924561557
3.0,88.0,0.03888078956798695
3.0,95.0,0.050435627722400206
3.0,98.0,0.019102275168708428
3.0,99.0,0.02017425108896008
3.0,100.0,0.030261376633440126
3.0,101.0,0.0187812056606337
3.0,102.0,0.01008712554448004
3.0,103.0,0.020573779994945588
3.0,104.0,0.04034850217792016
4.0,5.0,0.018831089428867732
4.0,6.0,0.014388034131335046
4.0,7.0,0.7872068818555424
4.0,8.0,0.026508739199606647
4.0,9.0,0.030339733464197695
4.0,10.0,0.015220988371246988
4.0,11.0,0.012477275659690649
4.0,12.0,0.010910082779885257
4.0,13.0,0.002194016737515448
4.0,14.0,0.04179911134176203
4.0,17.0,0.054172897848788655
4.0,19.0,0.024992678998330013
4.0,20.0,0.040750611661720615
4.0,21.0,0.003294754314388876
4.0,22.0,0.007160230820921173
4.0,23.0,0.003669632112134076
4.0,24.0,0.016064175069566554
4.0,25.0,0.016731862035256367
4.0,27.0,0.003669632112134076
4.0,30.0,0.003364125170391893
4.0,31.0,0.004142287406178835
4.0,32.0,0.021413718081726003
4.0,33.0,0.025920889205435216
4.0,34.0,0.02663118206456537
4.0,35.0,0.06794070514643757
4.0,36.0,0.064241154245178
4.0,37.0,0.016059207023964656
4.0,38.0,0.023297431180480083
4.0,40.0,0.09174080280335192
4.0,41.0,0.016059207023964656
4.0,42.0,0.0042462940716523475
4.0,43.0,0.13971554060443575
4.0,44.0,0.011695217633781757
4.0,45.0,0.059373730581691736
4.0,47.0,0.014272774324466744
4.0,50.0,0.004659486236096015
4.0,52.0,0.04917107860304125
4.0,53.0,0.02950264716182475
4.0,54.0,0.010371995617579241
4.0,55.0,0.004973954926423642
4.0,56.0,0.019895819705694567
4.0,58.0,0.004142287406178835
4.0,59.0,0.010065640694646235
4.0,60.0,0.004973954926423642
4.0,61.0,0.014272774324466744
4.0,65.0,0.004917107860304124
4.0,70.0,0.016308201826336056
4.0,73.0,0.02718033637722676
4.0,75.0,0.027968335394351118
4.0,76.0,0.021413718081726003
4.0,77.0,0.03974450965493415
4.0,78.0,0.005362103730042052
4.0,79.0,0.005765820050180531
4.0,81.0,0.035148474174392284
4.0,82.0,0.011716158058130758
4.0,83.0,0.017574237087196142
4.0,87.0,0.011716158058130758
4.0,88.0,0.11095057636234604
4.0,91.0,0.006277029809622578
4.0,92.0,0.012113428212804356
4.0,95.0,0.006396603026469004
4.0,97.0,0.03217262238025232
4.0,98.0,0.006056714106402177
4.0,100.0,0.012793206052938008
4.0,102.0,0.006396603026469004
4.0,104.0,0.05117282421175203
5.0,6.0,0.4386255719772758
5.0,7.0,0.015094657659915087
5.0,8.0,0.11296449478972305
5.0,9.0,0.2386890755847017
5.0,10.0,0.2095567643725308
5.0,11.0,0.09407129998968408
5.0,12.0,0.2896827297511605
5.0,13.0,0.017260791941791497
5.0,14.0,0.03288424157779934
5.0,15.0,0.007172191381865586
5.0,16.0,0.017120376426704602
5.0,17.0,0.04261896013203415
5.0,18.0,0.024032803130483338
5.0,19.0,0.01843337545364437
5.0,20.0,0.05009275748152402
5.0,21.0,0.05832118435198042
5.0,22.0,0.07041380561383087
5.0,23.0,0.021652326748721033
5.0,24.0,0.2121382766334012
5.0,25.0,0.032908270986616237
5.0,26.0,0.01954034605868497
5.0,27.0,0.028869768998294708
5.0,28.0,0.0066881029492094
5.0,29.0,0.037037037037037035
5.0,30.0,0.09263198531617546
5.0,32.0,0.0168466231906423
5.0,33.0,0.016993758064486057
5.0,34.0,0.043648566739910334
5.0,35.0,0.008351622533364765
5.0,37.0,0.015792645655971143
5.0,38.0,0.02749286996141075
5.0,39.0,0.00842331159532115
5.0,40.0,0.014434884499147354
5.0,42.0,0.02505486760009429
5.0,43.0,0.00808214408281453
5.0,44.0,0.015334790207607871
5.0,45.0,0.008982800927271592
5.0,46.0,0.009259259259259259
5.0,47.0,0.028071730702217298
5.0,48.0,0.01670324506672953
5.0,49.0,0.020326714812905617
5.0,50.0,0.009164289987136916
5.0,51.0,0.009458405897319428
5.0,52.0,0.03868392354571063
5.0,53.0,0.01934196177285532
5.0,55.0,0.24456969620156216
5.0,56.0,0.04891393924031243
5.0,57.0,0.01694428559251163
5.0,58.0,0.05702943361941516
5.0,59.0,0.009898564515274978
5.0,61.0,0.01871448713481153
5.0,62.0,0.01656346649999844
5.0,64.0,0.009782787848062488
5.0,65.0,0.01934196177285532
5.0,66.0,0.03163859985841663
5.0,68.0,0.1456911262460413
5.0,69.0,0.030429030972509232
5.0,70.0,0.010691671651659736
5.0,71.0,0.02505486760009429
5.0,72.0,0.018144368465060574
5.0,73.0,0.021383343303319476
5.0,74.0,0.022003278732814983
5.0,75.0,0.06600983619844494
5.0,76.0,0.0168466231906423
5.0,77.0,0.022334173672426936
5.0,78.0,0.04218479981122218
5.0,79.0,0.01134023029066286
5.0,81.0,0.011521685497004726
5.0,82.0,0.034565056491014184
5.0,83.0,0.02304337099400945
5.0,85.0,0.03513641844631532
5.0,86.0,0.02342427896421021
5.0,87.0,0.02304337099400945
5.0,88.0,0.0242464322484436
5.0,89.0,0.011001639366407492
5.0,90.0,0.012345679012345678
5.0,91.0,0.04938271604938271
5.0,95.0,0.025161711869879904
5.0,96.0,0.02469135802469136
5.0,97.0,0.02109239990561109
5.0,98.0,0.02382472299639544
5.0,99.0,0.012580855934939952
5.0,100.0,0.012580855934939952
5.0,101.0,0.011712139482105107
5.0,103.0,0.012830005981991684
5.0,104.0,0.012580855934939952
5.0,105.0,0.02268046058132572
6.0,7.0,0.024713969163151852
6.0,8.0,0.05975402095327397
6.0,9.0,0.1166645473339205
6.0,10.0,0.2450715406979359
6.0,11.0,0.04218801499356069
6.0,12.0,0.3627422384861344
6.0,13.0,0.004945588740307846
6.0,14.0,0.04396953697158253
6.0,15.0,0.004109974682633932
6.0,16.0,0.031394282689703006
6.0,17.0,0.04273937576108645
6.0,18.0,0.020657747505613718
6.0,19.0,0.02112623670961153
6.0,20.0,0.005741061666394991
6.0,21.0,0.0371339460650026
6.0,22.0,0.08877031782049931
6.0,23.0,0.024815432277049264
6.0,24.0,0.04655656826595113
6.0,25.0,0.03017257145618857
6.0,27.0,0.0413590537950821
6.0,28.0,0.0229954269198126
6.0,29.0,0.021223817998900444
6.0,30.0,0.0985810776323988
6.0,31.0,0.028011705113493192
6.0,33.0,0.009738155563505966
6.0,35.0,0.02871503729627124
6.0,36.0,0.009653840941344685
6.0,37.0,0.01809973280466669
6.0,39.0,0.028961522824034056
6.0,40.0,0.00827181075901642
6.0,41.0,0.009049866402333346
6.0,42.0,0.01914335819751416
6.0,43.0,0.009262833572945472
6.0,44.0,0.026362486509824805
6.0,46.0,0.010611908999450224
6.0,47.0,0.042896829840336416
6.0,48.0,0.0239291977468927
6.0,49.0,0.03727386682888285
6.0,50.0,0.01050306602991154
6.0,52.0,0.022167554926073637
6.0,55.0,0.291509864768023
6.0,56.0,0.02242383575138638
6.0,57.0,0.019419611410990318
6.0,58.0,0.018674470075662128
6.0,59.0,0.011344607913018796
6.0,60.0,0.02242383575138638
6.0,61.0,0.010724207460084102
6.0,62.0,0.00949157995752499
6.0,65.0,0.07758644224125771
6.0,66.0,0.03626056179729389
6.0,67.0,0.008324666317641163
6.0,68.0,0.19082809733147846
6.0,69.0,0.011624763874381928
6.0,70.0,0.03676073110469039
6.0,71.0,0.00957167909875708
6.0,73.0,0.012253577034896795
6.0,74.0,0.025217653493034467
6.0,75.0,0.05043530698606893
6.0,76.0,0.009653840941344685
6.0,77.0,0.012798443803844426
6.0,78.0,0.03626056179729389
6.0,79.0,0.025993762245501813
6.0,83.0,0.0264096888511319
6.0,85.0,0.040269363312841464
6.0,86.0,0.05369248441712195
6.0,88.0,0.013894250359418207
6.0,89.0,0.025217653493034467
6.0,91.0,0.028298423998533925
6.0,95.0,0.04325623505463543
6.0,96.0,0.028298423998533925
6.0,97.0,0.012086853932431295
6.0,98.0,0.0819155567294538
6.0,99.0,0.014418745018211809
6.0,105.0,0.012996881122750908
7.0,8.0,0.034150052596813175
7.0,9.0,0.038625527717487285
7.0,10.0,0.02465073033326986
7.0,11.0,0.006429572026566925
7.0,12.0,0.01124398706292892
7.0,13.0,0.006783494582998754
7.0,14.0,0.017231351096078137
7.0,15.0,0.003758230140014144
7.0,17.0,0.06420549514533462
7.0,19.0,0.025757582687022787
7.0,20.0,0.020998894306081782
7.0,23.0,0.0037819416064025523
7.0,24.0,0.009460469093616657
7.0,25.0,0.017243942512516184
7.0,27.0,0.0037819416064025523
7.0,29.0,0.0032345694985532326
7.0,30.0,0.0034670845911178145
7.0,32.0,0.013241452366835285
7.0,33.0,0.04897603492755105
7.0,34.0,0.03202060437304626
7.0,35.0,0.06126753316034333
7.0,36.0,0.04855199201172937
7.0,37.0,0.008275350410322683
7.0,38.0,0.028812541947977763
7.0,40.0,0.04538329927683063
7.0,41.0,0.0041376752051613406
7.0,43.0,0.1990471427664659
7.0,44.0,0.008035434036903079
7.0,45.0,0.12708873027892076
7.0,47.0,0.00490319805065359
7.0,50.0,0.004802090324662959
7.0,51.0,0.004956207137705683
7.0,52.0,0.030405578922032963
7.0,53.0,0.030405578922032963
7.0,55.0,0.010252366727667885
7.0,56.0,0.02050473345533577
7.0,58.0,0.008538125135380147
7.0,59.0,0.00518685036741231
7.0,66.0,0.0055262115042641145
7.0,73.0,0.011204877424213572
7.0,75.0,0.011529723749687198
7.0,76.0,0.008827634911223523
7.0,77.0,0.011703112783668096
7.0,81.0,0.018112098545539832
7.0,82.0,0.012074732363693223
7.0,83.0,0.04226156327292628
7.0,87.0,0.006037366181846611
7.0,88.0,0.09528852579245707
7.0,91.0,0.006469138997106465
7.0,95.0,0.013184743530803138
7.0,100.0,0.006592371765401569
7.0,101.0,0.006137164119322155
7.0,102.0,0.006592371765401569
7.0,103.0,0.006722926454528144
7.0,104.0,0.05273897412321255
8.0,9.0,0.051883176256519684
8.0,10.0,0.2528532389520093
8.0,11.0,0.03022750068345768
8.0,12.0,0.028318727782772075
8.0,14.0,0.017359320614234074
8.0,16.0,0.03253574116367824
8.0,17.0,0.1124909922929035
8.0,18.0,0.0380601572166848
8.0,19.0,0.012974436352046743
8.0,20.0,0.00528871091957865
8.0,21.0,0.08209939587609869
8.0,22.0,0.014868347496194813
8.0,23.0,0.01524011356365335
8.0,24.0,0.019061455511114524
8.0,25.0,0.09033442881567563
8.0,26.0,0.006876791960130463
8.0,27.0,0.022860170345480026
8.0,28.0,0.007061189057479251
8.0,29.0,0.019551547175144374
8.0,30.0,0.04191399688507295
8.0,31.0,0.008601533962316436
8.0,33.0,0.08970865086981311
8.0,34.0,0.06451681408775528
8.0,35.0,0.00881750566530432
8.0,37.0,0.008336807727202585
8.0,38.0,0.058053039555308265
8.0,39.0,0.0355727751898022
8.0,40.0,0.022860170345480026
8.0,41.0,0.03334723090881034
8.0,42.0,0.02645251699591296
8.0,43.0,0.017065989501637933
8.0,45.0,0.047419467145509916
8.0,47.0,0.009879223808022305
8.0,48.0,0.02645251699591296
8.0,49.0,0.030044855502665405
8.0,52.0,0.07147323755368395
8.0,53.0,0.13273601259969878
8.0,55.0,0.0309855193747633
8.0,56.0,0.16525610333207094
8.0,57.0,0.011926331967999972
8.0,58.0,0.034406135849265745
8.0,59.0,0.03135222467603063
8.0,60.0,0.010328506458254434
8.0,62.0,0.017487435419566724
8.0,64.0,0.0309855193747633
8.0,65.0,0.09189416256902223
8.0,66.0,0.07794153078860598
8.0,67.0,0.015337495471844778
8.0,68.0,0.021974042014452445
8.0,69.0,0.010708823421952984
8.0,70.0,0.011288091024643272
8.0,71.0,0.00881750566530432
8.0,73.0,0.06772854614785963
8.0,75.0,0.02323069967623409
8.0,76.0,0.0177863875949011
8.0,77.0,0.11790026554706715
8.0,78.0,0.0668070263902337
8.0,82.0,0.03649321796016208
8.0,83.0,0.03649321796016208
8.0,85.0,0.012365484170737448
8.0,86.0,0.024730968341474896
8.0,87.0,0.012164405986720693
8.0,88.0,0.07679695275737068
8.0,90.0,0.013034364783429585
8.0,91.0,0.14337801261772545
8.0,92.0,0.01257687528116686
8.0,94.0,0.013282660709046377
8.0,95.0,0.039847982127139116
8.0,96.0,0.013034364783429585
8.0,97.0,0.044538017593489125
8.0,98.0,0.01257687528116686
8.0,99.0,0.013282660709046377
8.0,100.0,0.013282660709046377
8.0,101.0,0.03709645251221234
8.0,103.0,0.013545709229571929
8.0,104.0,0.013282660709046377
9.0,10.0,0.14591350804388875
9.0,11.0,0.11861459493395853
9.0,12.0,0.09151425394035548
9.0,13.0,0.01840350883831613
9.0,14.0,0.06544771955484657
9.0,15.0,0.006117609802904954
9.0,16.0,0.08177701230402072
9.0,17.0,0.027264278908456396
9.0,18.0,0.015374308652101975
9.0,19.0,0.06813289926946646
9.0,20.0,0.04699996426450356
9.0,21.0,0.011054617607630523
9.0,22.0,0.02402413234940576
9.0,24.0,0.612136401540883
9.0,25.0,0.02806951884934366
9.0,27.0,0.06771827802376365
9.0,28.0,0.022818802224587795
9.0,29.0,0.03159120118032817
9.0,30.0,0.11287371923446515
9.0,31.0,0.013898275539462891
9.0,32.0,0.021554305028202898
9.0,33.0,0.05798014882110035
9.0,34.0,0.007446117526812838
9.0,35.0,0.007123620266109585
9.0,36.0,0.021554305028202898
9.0,37.0,0.013470533444360342
9.0,38.0,0.007816795073779753
9.0,39.0,0.014369536685468597
9.0,40.0,0.006156207093069422
9.0,41.0,0.006735266722180171
9.0,42.0,0.01424724053221917
9.0,43.0,0.013787530543184013
9.0,44.0,0.02615999989536
9.0,45.0,0.007661991723919431
9.0,47.0,0.01596275445768735
9.0,48.0,0.04274172159665751
9.0,49.0,0.07281928121462722
9.0,50.0,0.007816795073779753
9.0,51.0,0.008067664895780351
9.0,52.0,0.016497966750889208
9.0,53.0,0.008248983375444604
9.0,55.0,0.04172175256670258
9.0,56.0,0.02503305154002155
9.0,57.0,0.009635226030179477
9.0,58.0,0.027796551078925782
9.0,59.0,0.008443103660959754
9.0,62.0,0.007064007333008537
9.0,63.0,0.008156813070539939
9.0,65.0,0.008248983375444604
9.0,68.0,0.017752722477790937
9.0,69.0,0.008651606752574783
9.0,71.0,0.03561810133054792
9.0,72.0,0.007738232325341367
9.0,73.0,0.027358782758229137
9.0,75.0,0.009383985068515123
9.0,77.0,0.009525105544707379
9.0,79.0,0.009672790406676708
9.0,81.0,0.009827564880753332
9.0,82.0,0.019655129761506664
9.0,83.0,0.019655129761506664
9.0,85.0,0.009990014975043673
9.0,86.0,0.009990014975043673
9.0,88.0,0.010340647907388008
9.0,90.0,0.010530400393442722
9.0,91.0,0.021060800786885443
9.0,96.0,0.010530400393442722
9.0,97.0,0.00899551235872028
9.0,98.0,0.020321593665607426
9.0,99.0,0.010730997473258171
9.0,102.0,0.010730997473258171
9.0,103.0,0.02188702620658331
9.0,104.0,0.03219299241977451
10.0,11.0,0.03825460278380029
10.0,12.0,0.18397324220155994
10.0,13.0,0.008968970586617499
10.0,14.0,0.00569571771811174
10.0,16.0,0.03202563076101743
10.0,17.0,0.08858184517732262
10.0,18.0,0.012487810821089254
10.0,19.0,0.019156525704423024
10.0,20.0,0.015617376188860606
10.0,21.0,0.013468700594029477
10.0,22.0,0.021952851997938068
10.0,23.0,0.007500586006173494
10.0,24.0,0.0609784538766253
10.0,25.0,0.04103913408340617
10.0,26.0,0.0067689744342241285
10.0,27.0,0.02250175801852048
10.0,29.0,0.025660011963983362
10.0,30.0,0.034380708208626445
10.0,31.0,0.008466675133346034
10.0,32.0,0.03501504876259268
10.0,33.0,0.02649064714130088
10.0,34.0,0.018144368465060574
10.0,35.0,0.02603778219616477
10.0,36.0,0.00875376219064817
10.0,37.0,0.008206099398622182
10.0,38.0,0.01904761904761905
10.0,39.0,0.00875376219064817
10.0,41.0,0.008206099398622182
10.0,42.0,0.01735852146410985
10.0,43.0,0.02519763153394848
10.0,44.0,0.03984095364447979
10.0,45.0,0.00933520056018673
10.0,48.0,0.021698151830137312
10.0,49.0,0.02534897002097912
10.0,52.0,0.02010075630518424
10.0,53.0,0.01005037815259212
10.0,55.0,0.13216542762159073
10.0,56.0,0.08133257084405582
10.0,57.0,0.017609018126512475
10.0,58.0,0.0254000254000381
10.0,61.0,0.009724332766526305
10.0,62.0,0.008606629658238704
10.0,64.0,0.010166571355506979
10.0,65.0,0.02010075630518424
10.0,66.0,0.010959932487023821
10.0,67.0,0.00754851356096397
10.0,68.0,0.14059189831332755
10.0,71.0,0.008679260732054925
10.0,73.0,0.022222222222222227
10.0,74.0,0.011433239009500587
10.0,75.0,0.011433239009500587
10.0,76.0,0.00875376219064817
10.0,77.0,0.023210354127426374
10.0,78.0,0.043839729948095284
10.0,79.0,0.011785113019775792
10.0,82.0,0.011973686801784992
10.0,83.0,0.011973686801784992
10.0,85.0,0.036514837167011066
10.0,86.0,0.036514837167011066
10.0,88.0,0.01259881576697424
10.0,91.0,0.012830005981991684
10.0,93.0,0.01259881576697424
10.0,95.0,0.013074409009212268
10.0,96.0,0.03849001794597505
10.0,97.0,0.043839729948095284
10.0,98.0,0.012379689211803458
10.0,100.0,0.013074409009212268
10.0,101.0,0.012171612389003692
10.0,103.0,0.04
10.0,104.0,0.026148818018424537
10.0,105.0,0.011785113019775792
11.0,12.0,0.010663368641316005
11.0,14.0,0.00544718547187545
11.0,16.0,0.13272217656353258
11.0,17.0,0.005294786407991521
11.0,19.0,0.006106877346169692
11.0,20.0,0.004978637688583696
11.0,22.0,0.03499156804802823
11.0,24.0,0.0986914301754864
11.0,25.0,0.01308279810793186
11.0,29.0,0.20245779780388531
11.0,30.0,0.3879899991042903
11.0,32.0,0.03348716954670952
11.0,33.0,0.050669459193813986
11.0,35.0,0.016601083588089847
11.0,36.0,0.06697433909341904
11.0,37.0,0.2746809387863398
11.0,40.0,0.1147727753247592
11.0,42.0,0.3735243807320216
11.0,43.0,0.008032711545198
11.0,44.0,0.0304819971239475
11.0,47.0,0.06510008528116758
11.0,48.0,0.07885514704342676
11.0,49.0,0.0969714779131018
11.0,52.0,0.009611830601359905
11.0,55.0,0.029168861165856118
11.0,56.0,0.029168861165856118
11.0,59.0,0.009838022268349251
11.0,65.0,0.01922366120271981
11.0,70.0,0.010626278551055638
11.0,72.0,0.02705008904002297
11.0,73.0,0.10626278551055636
11.0,75.0,0.04373740168406954
11.0,76.0,0.00837179238667738
11.0,80.0,0.00683553985995885
11.0,81.0,0.011451215811497929
11.0,82.0,0.03435364743449378
11.0,89.0,0.02186870084203477
11.0,92.0,0.023679004669221952
11.0,93.0,0.060245336588984975
11.0,96.0,0.1595122043303339
11.0,100.0,0.02500781616401777
11.0,101.0,0.01164050492949297
11.0,104.0,0.012503908082008885
12.0,13.0,0.03375103495971372
12.0,14.0,0.050011483546781
12.0,15.0,0.03739787960033829
12.0,16.0,0.008927059279779376
12.0,17.0,0.02777844759795795
12.0,18.0,0.04699274409727189
12.0,19.0,0.024029237339728816
12.0,20.0,0.03917971816562902
12.0,21.0,0.033789279770804724
12.0,22.0,0.055073691240431724
12.0,23.0,0.056450746062302215
12.0,24.0,0.041186447752891917
12.0,25.0,0.025738985981143558
12.0,26.0,0.00849075117984329
12.0,27.0,0.09408457677050368
12.0,28.0,0.043592128181634736
12.0,30.0,0.017250355522709437
12.0,31.0,0.021240568294759017
12.0,34.0,0.011379812366648649
12.0,36.0,0.01098039553414755
12.0,38.0,0.011946314428672724
12.0,39.0,0.01098039553414755
12.0,40.0,0.00940845767705037
12.0,41.0,0.030880282749398063
12.0,42.0,0.010886943659923836
12.0,44.0,0.0299850112406332
12.0,45.0,0.011709730320404808
12.0,46.0,0.024140227479263383
12.0,47.0,0.024395686735973317
12.0,48.0,0.005443471829961919
12.0,49.0,0.005299468410488266
12.0,50.0,0.035838943286018166
12.0,52.0,0.02521364528296496
12.0,54.0,0.008864147577797736
12.0,55.0,0.3825771329344351
12.0,56.0,0.02550514219562901
12.0,57.0,0.02208810106854913
12.0,58.0,0.010620284147379509
12.0,60.0,0.02550514219562901
12.0,61.0,0.048791373471946634
12.0,63.0,0.04986383946711771
12.0,64.0,0.02550514219562901
12.0,65.0,0.01260682264148248
12.0,66.0,0.02749546791747244
12.0,68.0,0.17635327745437432
12.0,69.0,0.013222147133698629
12.0,73.0,0.013937366833451512
12.0,74.0,0.028682864310588755
12.0,75.0,0.05736572862117751
12.0,77.0,0.01455710489137156
12.0,78.0,0.01374773395873622
12.0,79.0,0.029565619799454133
12.0,80.0,0.017930910821731094
12.0,85.0,0.03053524082762296
12.0,86.0,0.03053524082762296
12.0,87.0,0.030038699754960176
12.0,88.0,0.01580348853102535
12.0,91.0,0.016093484986175584
12.0,95.0,0.016400055104277726
12.0,98.0,0.01552862428461243
12.0,100.0,0.016400055104277726
12.0,102.0,0.016400055104277726
12.0,103.0,0.016724840200141814
12.0,105.0,0.0443484296991812
13.0,14.0,0.028735157634423938
13.0,15.0,0.22938166933354626
13.0,16.0,0.003590461753917974
13.0,18.0,0.04410110562857733
13.0,19.0,0.025772147337712832
13.0,21.0,0.0067950213450642
13.0,22.0,0.04430125886892159
13.0,23.0,0.06811344196266192
13.0,24.0,0.009465818525253416
13.0,25.0,0.02760590898707412
13.0,26.0,0.013659914835477457
13.0,27.0,0.022704480654220646
13.0,28.0,0.06311788807152441
13.0,29.0,0.006472796978171811
13.0,31.0,0.0256288590801314
13.0,32.0,0.008832626506143878
13.0,34.0,0.027461751819054483
13.0,38.0,0.028828834028413387
13.0,40.0,0.007568160218073549
13.0,44.0,0.01607995536210587
13.0,45.0,0.009419303165005123
13.0,46.0,0.10680115013983488
13.0,47.0,0.00981194113771371
13.0,50.0,0.16336339282767587
13.0,51.0,0.06942613481929752
13.0,52.0,0.010140923928935458
13.0,53.0,0.010140923928935458
13.0,54.0,0.007130317355740461
13.0,58.0,0.017085906053420932
13.0,59.0,0.010379566554199115
13.0,60.0,0.1230979672632916
13.0,61.0,0.11774329365256453
13.0,63.0,0.12033136751923736
13.0,64.0,0.030774491815822907
13.0,68.0,0.021824387319616497
13.0,69.0,0.010635890745287924
13.0,72.0,0.019026059766179763
13.0,74.0,0.011536243243422591
13.0,79.0,0.011891287353862351
13.0,80.0,0.028847237371512333
13.0,82.0,0.012081560033090223
13.0,84.0,0.007873039549695482
13.0,85.0,0.036843806309180605
13.0,89.0,0.011536243243422591
13.0,90.0,0.025891187912687245
13.0,92.0,0.012491220196364759
13.0,94.0,0.09234539199981244
13.0,95.0,0.013192198857116066
13.0,99.0,0.013192198857116066
13.0,100.0,0.02638439771423213
13.0,102.0,0.09234539199981244
13.0,103.0,0.0269069117598525
13.0,104.0,0.013192198857116066
13.0,105.0,0.10702158618476117
14.0,15.0,0.004776004499380438
14.0,17.0,0.014190108330361146
14.0,18.0,0.040008963011684384
14.0,19.0,0.11456567101575245
14.0,20.0,0.07338553717218055
14.0,21.0,0.08630315619002528
14.0,22.0,0.056266761639483256
14.0,23.0,0.192245492752125
14.0,24.0,0.036067437017462164
14.0,25.0,0.008765524617555745
14.0,26.0,0.06939750171322034
14.0,27.0,0.269143689852975
14.0,28.0,0.0712583545575941
14.0,30.0,0.008812026400729651
14.0,31.0,0.021700706206722785
14.0,32.0,0.033654796926352704
14.0,33.0,0.011316243621521513
14.0,34.0,0.01162633510691926
14.0,35.0,0.011122789304627258
14.0,36.0,0.011218265642117569
14.0,37.0,0.01051641579179665
14.0,38.0,0.024410218791907454
14.0,39.0,0.011218265642117569
14.0,40.0,0.0192245492752125
14.0,41.0,0.01051641579179665
14.0,43.0,0.021527789457354216
14.0,44.0,0.040846108604279764
14.0,45.0,0.011963400127375996
14.0,46.0,0.01233159059167475
14.0,47.0,0.037386261743704935
14.0,51.0,0.0881777150167727
14.0,52.0,0.02575985261284893
14.0,53.0,0.0386397789192734
14.0,54.0,0.009056173059469659
14.0,55.0,0.05211532854180754
14.0,57.0,0.0075221997406295935
14.0,58.0,0.010850353103361392
14.0,60.0,0.013028832135451885
14.0,61.0,0.012462087247901644
14.0,62.0,0.02205941986694528
14.0,65.0,0.02575985261284893
14.0,68.0,0.02771902267775251
14.0,69.0,0.05403432269582991
14.0,70.0,0.0284785885905587
14.0,74.0,0.014652112950409234
14.0,75.0,0.029304225900818468
14.0,76.0,0.011218265642117569
14.0,77.0,0.029744915680626833
14.0,81.0,0.06137886606124272
14.0,82.0,0.03068943303062136
14.0,83.0,0.03068943303062136
14.0,85.0,0.015598365376958252
14.0,87.0,0.04603414954593205
14.0,90.0,0.08221060394449832
14.0,91.0,0.01644212078889967
14.0,97.0,0.01404555337252126
14.0,99.0,0.03351066437142453
14.0,104.0,0.016755332185712266
15.0,16.0,0.0029838119751643037
15.0,18.0,0.09424212936563148
15.0,19.0,0.016063235132929468
15.0,21.0,0.01129384878631564
15.0,22.0,0.018408026012768097
15.0,23.0,0.018868297703498536
15.0,24.0,0.003933229847047204
15.0,25.0,0.01720618004029214
15.0,28.0,0.029140775257509806
15.0,32.0,0.014680505487867588
15.0,34.0,0.0076072577431273046
15.0,37.0,0.006881023532039753
15.0,38.0,0.007985957062499249
15.0,40.0,0.006289432567832845
15.0,41.0,0.013762047064079505
15.0,44.0,0.00668153104781061
15.0,46.0,0.2824050356609575
15.0,50.0,0.1996489265624812
15.0,51.0,0.016484511834894675
15.0,52.0,0.008427498280790527
15.0,55.0,0.017049858486761837
15.0,60.0,0.034099716973523674
15.0,61.0,0.2038525228292007
15.0,63.0,0.24166666666666664
15.0,64.0,0.008524929243380918
15.0,68.0,0.01813690625275029
15.0,70.0,0.02795084971874737
15.0,72.0,0.039528470752104736
15.0,84.0,0.11122758355042042
15.0,85.0,0.05103103630798287
15.0,89.0,0.01917412472118426
15.0,92.0,0.010380684981717495
15.0,94.0,0.0657793514480272
15.0,103.0,0.011180339887498949
15.0,105.0,0.23717082451262844
16.0,18.0,0.004999125229620528
16.0,22.0,0.011717565537287141
16.0,24.0,0.04131078448179975
16.0,30.0,0.05505319331958757
16.0,31.0,0.0135575305797014
16.0,32.0,0.007008618892186335
16.0,33.0,0.03534915349865432
16.0,36.0,0.042051713353118005
16.0,37.0,0.07884165279854435
16.0,44.0,0.025518633411698428
16.0,47.0,0.03892848632225431
16.0,48.0,0.8026060335082854
16.0,49.0,0.8151993238725773
16.0,52.0,0.008046742493087794
16.0,55.0,0.016279543016850147
16.0,56.0,0.016279543016850147
16.0,57.0,0.004699499271531262
16.0,58.0,0.0135575305797014
16.0,59.0,0.024708310555370042
16.0,63.0,0.007956831933771476
16.0,65.0,0.016093484986175587
16.0,73.0,0.08896008544727065
16.0,76.0,0.01401723778437267
16.0,79.0,0.01887128390240993
16.0,80.0,0.005722513362495608
16.0,82.0,0.01917324361810169
16.0,92.0,0.009911683890834213
16.0,93.0,0.02017425108896008
16.0,100.0,0.02093580976737759
17.0,18.0,0.0077779218147006265
17.0,19.0,0.00795431434727157
17.0,21.0,0.00838886027878148
17.0,22.0,0.009115425641634506
17.0,24.0,0.005843059572604036
17.0,25.0,0.008520286456846101
17.0,29.0,0.007991055024756402
17.0,32.0,0.0436176228988742
17.0,33.0,0.021999285034854363
17.0,34.0,0.09040846714944137
17.0,35.0,0.0973044052563452
17.0,36.0,0.0218088114494371
17.0,38.0,0.08304547985373997
17.0,39.0,0.01090440572471855
17.0,40.0,0.05606007876602323
17.0,41.0,0.06133315160574595
17.0,43.0,0.010462747009572409
17.0,45.0,0.02325738630154828
17.0,47.0,0.012113428212804356
17.0,52.0,0.01251957714590336
17.0,53.0,0.06259788572951679
17.0,56.0,0.06332158475140234
17.0,57.0,0.007311746800347169
17.0,58.0,0.010546786488216735
17.0,59.0,0.025628391481282986
17.0,62.0,0.021442250696755896
17.0,65.0,0.05007830858361344
17.0,67.0,0.01880609792558149
17.0,70.0,0.013840913308956662
17.0,71.0,0.06486960350423013
17.0,73.0,0.013840913308956662
17.0,76.0,0.0218088114494371
17.0,77.0,0.3469526992957244
17.0,79.0,0.014680505487867588
17.0,83.0,0.029830816982178838
17.0,88.0,0.01569412051435861
17.0,91.0,0.031964220099025616
17.0,97.0,0.013652592788242305
17.0,98.0,0.03084231693103158
17.0,99.0,0.048859675648834235
17.0,103.0,0.01660909597074799
17.0,104.0,0.032573117099222816
18.0,19.0,0.008970865086981309
18.0,20.0,0.021940519428930952
18.0,21.0,0.1324532357065044
18.0,22.0,0.030841094557532457
18.0,23.0,0.09483672283105904
18.0,24.0,0.006589794774581076
18.0,25.0,0.009609167675529232
18.0,26.0,0.047547940605401566
18.0,27.0,0.07376189553526813
18.0,28.0,0.029293746257419005
18.0,31.0,0.03568395510523549
18.0,32.0,0.012297974198582045
18.0,41.0,0.011528574397767909
18.0,44.0,0.02238868314198225
18.0,45.0,0.01311482458941056
18.0,46.0,0.14870296936986566
18.0,47.0,0.027323016288682497
18.0,50.0,0.05351918923323965
18.0,51.0,0.013809204416652688
18.0,52.0,0.014119562368122625
18.0,55.0,0.02856559945200212
18.0,56.0,0.01428279972600106
18.0,59.0,0.014451832825402
18.0,61.0,0.013661508144341248
18.0,63.0,0.027923593886113037
18.0,64.0,0.12854519753400953
18.0,65.0,0.0564782494724905
18.0,68.0,0.0911605688194146
18.0,69.0,0.01480872194397731
18.0,70.0,0.07804881763180782
18.0,72.0,0.013245323570650436
18.0,74.0,0.032124628310161774
18.0,80.0,0.04016501554191853
18.0,81.0,0.016821577756312225
18.0,82.0,0.05046473326893667
18.0,83.0,0.016821577756312225
18.0,84.0,0.010961907783514043
18.0,85.0,0.08549819600709617
18.0,99.0,0.146943671674129
18.0,103.0,0.01873171623163388
18.0,105.0,0.033113308926626096
19.0,20.0,0.09723176722920453
19.0,21.0,0.058053039555308265
19.0,22.0,0.0420540373583895
19.0,23.0,0.09698748882221124
19.0,24.0,0.047174695579181684
19.0,25.0,0.009827090336950416
19.0,26.0,0.00972525245563476
19.0,27.0,0.07543471352838653
19.0,28.0,0.06990220532097352
19.0,29.0,0.009216687726822185
19.0,31.0,0.024328811973441385
19.0,32.0,0.02515375056233372
19.0,33.0,0.0761203144333696
19.0,34.0,0.01303436478342958
19.0,35.0,0.01246983609817497
19.0,38.0,0.013683232646016449
19.0,39.0,0.03773062584350057
19.0,41.0,0.011790026554706713
19.0,44.0,0.03434464136606415
19.0,50.0,0.013683232646016449
19.0,51.0,0.056489512459834
19.0,52.0,0.014439774556447694
19.0,53.0,0.014439774556447694
19.0,54.0,0.0406117532699515
19.0,55.0,0.014606713912321522
19.0,56.0,0.014606713912321522
19.0,59.0,0.029559160898273963
19.0,60.0,0.029213427824643045
19.0,61.0,0.013971332295024315
19.0,62.0,0.03709645251221234
19.0,63.0,0.014278431229270644
19.0,64.0,0.043820141736964566
19.0,65.0,0.04331932366934308
19.0,68.0,0.015537994118497432
19.0,69.0,0.09086737992230738
19.0,73.0,0.015963771420352522
19.0,74.0,0.03285317054554651
19.0,75.0,0.049279755818319775
19.0,81.0,0.08601533962316438
19.0,82.0,0.03440613584926575
19.0,83.0,0.03440613584926575
19.0,85.0,0.017487435419566724
19.0,86.0,0.017487435419566724
19.0,87.0,0.05160920377389863
19.0,90.0,0.03686675090728874
19.0,102.0,0.037569037838267226
19.0,104.0,0.018784518919133613
19.0,105.0,0.01693213653696491
20.0,21.0,0.01577593229640665
20.0,22.0,0.008571148701754475
20.0,23.0,0.04392730248574312
20.0,24.0,0.03296504262483494
20.0,25.0,0.04005772471535283
20.0,26.0,0.047571129068426136
20.0,27.0,0.008785460497148623
20.0,28.0,0.016282240225645905
20.0,32.0,0.02050661957987655
20.0,33.0,0.041371440189206056
20.0,36.0,0.02050661957987655
20.0,37.0,0.009611830601359905
20.0,39.0,0.02050661957987655
20.0,41.0,0.01922366120271981
20.0,44.0,0.03733266964732787
20.0,45.0,0.010934350421017385
20.0,47.0,0.01139014222503787
20.0,52.0,0.023544080467400558
20.0,53.0,0.03531612070110083
20.0,55.0,0.011908137705738524
20.0,57.0,0.02062549952986581
20.0,58.0,0.02975113139092572
20.0,65.0,0.011772040233700277
20.0,66.0,0.025674808298154845
20.0,69.0,0.13581281953931856
20.0,73.0,0.01301448015738384
20.0,75.0,0.013391789600139505
20.0,80.0,0.00837179238667738
20.0,81.0,0.09817372485431253
20.0,82.0,0.02804963567266072
20.0,83.0,0.01402481783633036
20.0,85.0,0.014256648712805029
20.0,86.0,0.014256648712805029
20.0,87.0,0.05609927134532144
20.0,91.0,0.030055654488914414
20.0,93.0,0.014757033402523882
20.0,94.0,0.015314097295792225
20.0,95.0,0.03062819459158445
20.0,97.0,0.025674808298154845
20.0,102.0,0.015314097295792225
21.0,22.0,0.04435145861179045
21.0,23.0,0.10228593653687958
21.0,24.0,0.014214817002999845
21.0,25.0,0.010363946430143024
21.0,26.0,0.030769635369331638
21.0,27.0,0.11365104059653285
21.0,28.0,0.04212627318711347
21.0,31.0,0.07697370086861781
21.0,32.0,0.06631976363466137
21.0,34.0,0.013746434980705376
21.0,35.0,0.013151065969976049
21.0,38.0,0.028861501272920306
21.0,39.0,0.013263952726932277
21.0,41.0,0.012434118282549846
21.0,44.0,0.02414726442081476
21.0,45.0,0.014144964899666775
21.0,46.0,0.014580296087995109
21.0,47.0,0.029469178464536956
21.0,50.0,0.028861501272920306
21.0,51.0,0.059575546873449924
21.0,54.0,0.021415191114167467
21.0,55.0,0.030809363772410975
21.0,56.0,0.030809363772410975
21.0,59.0,0.031173984319427483
21.0,60.0,0.015404681886205487
21.0,62.0,0.026082026547865053
21.0,64.0,0.10783277320343844
21.0,65.0,0.12182898077463453
21.0,66.0,0.03321361106966265
21.0,67.0,0.011437725271791935
21.0,68.0,0.04916051440083466
21.0,70.0,0.10101525445522108
21.0,74.0,0.017323973216880926
21.0,75.0,0.05197191965064277
21.0,76.0,0.013263952726932277
21.0,80.0,0.010829972051127193
21.0,81.0,0.036285750571483005
21.0,82.0,0.036285750571483005
21.0,85.0,0.01844277783908294
21.0,86.0,0.01844277783908294
21.0,87.0,0.018142875285741503
21.0,90.0,0.01944039478399348
21.0,97.0,0.016606805534831327
21.0,99.0,0.15848577035006547
22.0,23.0,0.04939777634739962
22.0,24.0,0.023168959148365063
22.0,28.0,0.0228874303561587
22.0,29.0,0.01056207084207463
22.0,31.0,0.0975805247114082
22.0,33.0,0.02907726280112896
22.0,34.0,0.014937023831607362
22.0,35.0,0.014290089472673803
22.0,36.0,0.014412753434733406
22.0,38.0,0.015680608569955762
22.0,42.0,0.028580178945347607
22.0,44.0,0.013119338382209642
22.0,46.0,0.031686212526223896
22.0,47.0,0.06404305140067547
22.0,49.0,0.006956027339634046
22.0,50.0,0.031361217139911524
22.0,51.0,0.04855157162632396
22.0,52.0,0.01654758480803738
22.0,54.0,0.04653995315581548
22.0,55.0,0.0167388927220441
22.0,58.0,0.027880149917545203
22.0,59.0,0.050810979067557695
22.0,60.0,0.0167388927220441
22.0,61.0,0.016010762850168867
22.0,62.0,0.01417050503162839
22.0,63.0,0.016362689789127197
22.0,64.0,0.0167388927220441
22.0,65.0,0.01654758480803738
22.0,66.0,0.01804513318462704
22.0,68.0,0.017806114244894068
22.0,69.0,0.01735525336251558
22.0,70.0,0.018294043331615058
22.0,72.0,0.03104602102825332
22.0,73.0,0.018294043331615058
22.0,74.0,0.2823662293116957
22.0,75.0,0.15059532229957107
22.0,76.0,0.014412753434733406
22.0,79.0,0.03880752628531664
22.0,82.0,0.05914272920158134
22.0,84.0,0.012846934910327694
22.0,87.0,0.01971424306719378
22.0,89.0,0.018824415287446383
22.0,90.0,0.04224828336829852
22.0,91.0,0.02112414168414926
22.0,92.0,0.0203827113785394
22.0,95.0,0.04305308489096176
22.0,96.0,0.04224828336829852
22.0,98.0,0.0203827113785394
22.0,99.0,0.04305308489096176
22.0,100.0,0.04305308489096176
22.0,103.0,0.021952851997938068
23.0,24.0,0.01583218169394616
23.0,25.0,0.023086316610860545
23.0,26.0,0.04569414742573887
23.0,27.0,0.16455696202531644
23.0,28.0,0.07037911332728823
23.0,31.0,0.10002041441278796
23.0,32.0,0.014773127892422912
23.0,33.0,0.014902153293189087
23.0,41.0,0.013848874720779206
23.0,44.0,0.013447372472027637
23.0,46.0,0.03247849012308155
23.0,47.0,0.04923328113088756
23.0,51.0,0.11611961267111805
23.0,55.0,0.06862971855589194
23.0,58.0,0.01428863063039828
23.0,59.0,0.052081449634411095
23.0,60.0,0.03431485927794597
23.0,63.0,0.016771820180887586
23.0,64.0,0.1029445778338379
23.0,68.0,0.03650267163704923
23.0,69.0,0.0889460083706025
23.0,74.0,0.019295098316976827
23.0,80.0,0.012062208413771331
23.0,81.0,0.020207175225248872
23.0,82.0,0.020207175225248872
23.0,87.0,0.020207175225248872
23.0,90.0,0.06495698024616309
23.0,91.0,0.021652326748721036
23.0,102.0,0.022064789082034398
23.0,103.0,0.02250175801852048
24.0,25.0,0.0072187584947354545
24.0,27.0,0.047496545081838495
24.0,28.0,0.029342045954286657
24.0,29.0,0.02708148212341292
24.0,30.0,0.050799381951524135
24.0,32.0,0.01847737675347874
24.0,33.0,0.03727750857387164
24.0,34.0,0.019149499654047532
24.0,36.0,0.01847737675347874
24.0,37.0,0.017321374166049876
24.0,38.0,0.020102786992294053
24.0,39.0,0.00923868837673937
24.0,40.0,0.007916090846973083
24.0,41.0,0.017321374166049876
24.0,42.0,0.009160059811721822
24.0,45.0,0.009852336290568343
24.0,47.0,0.020526049976004702
24.0,48.0,0.009160059811721822
24.0,49.0,0.026753209602304026
24.0,51.0,0.031121939502245087
24.0,52.0,0.010607132087662173
24.0,55.0,0.010729761966090035
24.0,56.0,0.032189285898270116
24.0,57.0,0.006194830959462691
24.0,58.0,0.03574279101510771
24.0,59.0,0.021713491635397368
24.0,62.0,0.009083405243909494
24.0,63.0,0.010488612925459207
24.0,64.0,0.032189285898270116
24.0,65.0,0.010607132087662173
24.0,68.0,0.011413859361026322
24.0,69.0,0.033374561961748865
24.0,71.0,0.018320119623443643
24.0,73.0,0.0351798772365146
24.0,75.0,0.024133196686197626
24.0,81.0,0.02527396990531627
24.0,82.0,0.02527396990531627
24.0,95.0,0.013798683116522041
24.0,97.0,0.011567072382419582
24.0,98.0,0.026130956801846985
24.0,99.0,0.013798683116522041
24.0,101.0,0.0128458748884677
24.0,102.0,0.013798683116522041
24.0,103.0,0.02814390178921168
25.0,27.0,0.023086316610860545
25.0,28.0,0.010696563746013956
25.0,32.0,0.013471755760359808
25.0,33.0,0.013589415249850587
25.0,34.0,0.013961796943056515
25.0,36.0,0.026943511520719617
25.0,38.0,0.029313667202432975
25.0,39.0,0.013471755760359808
25.0,41.0,0.08840244354947628
25.0,44.0,0.01226278678969932
25.0,46.0,0.01480872194397731
25.0,50.0,0.029313667202432975
25.0,51.0,0.03025445104080258
25.0,52.0,0.09280323373346193
25.0,53.0,0.061868822488974615
25.0,56.0,0.07823011594259388
25.0,59.0,0.03166237934306518
25.0,60.0,0.015646023188518772
25.0,61.0,0.08979259416235494
25.0,63.0,0.015294382258037453
25.0,64.0,0.015646023188518772
25.0,66.0,0.016866980208001866
25.0,67.0,0.01161691725595538
25.0,69.0,0.03244428422615251
25.0,71.0,0.026714200869573303
25.0,74.0,0.017595383576944672
25.0,75.0,0.017595383576944672
25.0,76.0,0.013471755760359808
25.0,78.0,0.016866980208001866
25.0,80.0,0.01099964251742718
25.0,83.0,0.01842711517991869
25.0,87.0,0.01842711517991869
25.0,91.0,0.19744962591969747
25.0,92.0,0.01905193970527871
25.0,94.0,0.0402421818292767
25.0,95.0,0.0402421818292767
25.0,97.0,0.016866980208001866
25.0,99.0,0.02012109091463835
25.0,102.0,0.02012109091463835
25.0,103.0,0.1231174022502185
25.0,105.0,0.03627381250550058
26.0,27.0,0.034270610569304145
26.0,28.0,0.010585715534396727
26.0,31.0,0.0902643643447882
26.0,41.0,0.012498047332644495
26.0,47.0,0.01481034597446352
26.0,54.0,0.010762647825142238
26.0,59.0,0.015667131465128083
26.0,64.0,0.015483883857556963
26.0,69.0,0.032108064953396784
26.0,70.0,0.050767308256680965
26.0,74.0,0.01741304307502878
26.0,76.0,0.01333214830614943
26.0,85.0,0.01853759994400162
26.0,102.0,0.019912576573338173
27.0,28.0,0.09383881776971764
27.0,36.0,0.014773127892422912
27.0,39.0,0.014773127892422912
27.0,41.0,0.013848874720779206
27.0,44.0,0.013447372472027637
27.0,45.0,0.031508763608951794
27.0,47.0,0.04923328113088756
27.0,50.0,0.0321453685978864
27.0,51.0,0.13270812876699206
27.0,55.0,0.03431485927794597
27.0,59.0,0.03472096642294073
27.0,60.0,0.03431485927794597
27.0,62.0,0.014524822344353169
27.0,64.0,0.03431485927794597
27.0,65.0,0.016961338288818958
27.0,68.0,0.054754007455573864
27.0,69.0,0.071156806696482
27.0,75.0,0.03859019663395365
27.0,79.0,0.01988893210439325
27.0,80.0,0.012062208413771331
27.0,82.0,0.04041435045049775
27.0,83.0,0.020207175225248872
27.0,85.0,0.04108240150088805
27.0,90.0,0.04330465349744207
27.0,99.0,0.022064789082034398
28.0,31.0,0.026481357066618805
28.0,38.0,0.014893886718362484
28.0,44.0,0.024922239313961345
28.0,46.0,0.015048231635721153
28.0,47.0,0.01520747661681184
28.0,50.0,0.02978777343672497
28.0,51.0,0.12297509238026913
28.0,52.0,0.01571736533654829
28.0,54.0,0.011051241842563382
28.0,55.0,0.01589907501872234
28.0,59.0,0.03217447260438935
28.0,60.0,0.01589907501872234
28.0,61.0,0.03041495323362368
28.0,63.0,0.03108349360801046
28.0,64.0,0.01589907501872234
28.0,67.0,0.01180480411624714
28.0,69.0,0.08242255917447337
28.0,82.0,0.018725147156828457
28.0,83.0,0.018725147156828457
28.0,84.0,0.012202383114084505
28.0,85.0,0.05710402407201608
28.0,86.0,0.019034674690672024
28.0,87.0,0.05617544147048538
28.0,90.0,0.06019292654288461
28.0,99.0,0.02044652050273827
28.0,102.0,0.02044652050273827
28.0,105.0,0.03686048903872429
29.0,30.0,0.17864740025262407
29.0,32.0,0.01263496739298172
29.0,33.0,0.038235955645093626
29.0,34.0,0.026189140043946204
29.0,36.0,0.06317483696490861
29.0,38.0,0.013746434980705376
29.0,41.0,0.011844484241978356
29.0,42.0,0.06263716900023572
29.0,44.0,0.011501092655705905
29.0,46.0,0.013888888888888888
29.0,50.0,0.013746434980705376
29.0,52.0,0.014506471329641488
29.0,53.0,0.014506471329641488
29.0,54.0,0.020399668712070152
29.0,56.0,0.02934836354418746
29.0,57.0,0.01694428559251163
29.0,62.0,0.012422599874998832
29.0,64.0,0.01467418177209373
29.0,65.0,0.04351941398892446
29.0,69.0,0.015214515486254609
29.0,72.0,0.0408248290463863
29.0,74.0,0.03300491809922247
29.0,83.0,0.017282528245507092
29.0,93.0,0.018184824186332698
29.0,96.0,0.14814814814814814
29.0,101.0,0.2459549291242073
30.0,32.0,0.013543224462197159
30.0,33.0,0.013661508144341243
30.0,35.0,0.013427960881291645
30.0,36.0,0.027086448924394317
30.0,37.0,0.025391835805951272
30.0,40.0,0.046417582596952375
30.0,42.0,0.28198717850712457
30.0,46.0,0.01488728335438534
30.0,47.0,0.015044825131628671
30.0,48.0,0.04028388264387494
30.0,49.0,0.06536366562603768
30.0,55.0,0.03145805309302787
30.0,56.0,0.03145805309302787
30.0,65.0,0.015549260339278071
30.0,72.0,0.04375949744936836
30.0,73.0,0.12033247873019255
30.0,75.0,0.017688728441930625
30.0,83.0,0.037049744890228636
30.0,96.0,0.13894797797426314
31.0,33.0,0.016821577756312225
31.0,36.0,0.01667593364912675
31.0,38.0,0.036285750571483
31.0,44.0,0.015179418517972906
31.0,47.0,0.018524872445114318
31.0,48.0,0.016534008228581133
31.0,54.0,0.06730993269037021
31.0,59.0,0.058789635125221534
31.0,70.0,0.08466675133346033
31.0,72.0,0.017960530202677488
31.0,74.0,0.17424273674761284
31.0,82.0,0.022809896167307987
31.0,86.0,0.04637388957601683
31.0,87.0,0.022809896167307987
31.0,98.0,0.023583331531828917
32.0,33.0,0.017391961901349118
32.0,34.0,0.05360562674188974
32.0,35.0,0.03418928299756789
32.0,36.0,0.017241379310344824
32.0,37.0,0.032325409191761786
32.0,38.0,0.05627418551130967
32.0,39.0,0.03448275862068965
32.0,40.0,0.014773127892422912
32.0,41.0,0.016162704595880897
32.0,42.0,0.051283924496351836
32.0,43.0,0.016543055566182168
32.0,44.0,0.04708236154307583
32.0,45.0,0.01838657828382305
32.0,46.0,0.018952451089472584
32.0,47.0,0.03830602342540459
32.0,48.0,0.008547320749391973
32.0,49.0,0.008321207075307036
32.0,50.0,0.03751612367420645
32.0,52.0,0.0197951895616224
32.0,54.0,0.027836908092500674
32.0,56.0,0.020024043286581836
32.0,58.0,0.01667593364912675
32.0,61.0,0.01915301171270229
32.0,64.0,0.020024043286581836
32.0,70.0,0.06565321642986127
32.0,72.0,0.03713906763541037
32.0,73.0,0.04376881095324085
32.0,75.0,0.022518867455552247
32.0,77.0,0.04571503208824945
32.0,78.0,0.04317328917763456
32.0,79.0,0.09284766908852593
32.0,81.0,0.023583331531828917
32.0,82.0,0.023583331531828917
32.0,83.0,0.023583331531828917
32.0,84.0,0.015368255536133624
32.0,86.0,0.02397316507426921
32.0,87.0,0.023583331531828917
32.0,89.0,0.022518867455552247
32.0,95.0,0.05150262026246048
32.0,96.0,0.02526993478596344
32.0,97.0,0.02158664458881728
32.0,100.0,0.02575131013123024
32.0,101.0,0.02397316507426921
32.0,102.0,0.02575131013123024
32.0,103.0,0.02626128657194451
33.0,36.0,0.017391961901349118
33.0,41.0,0.016303866268150616
33.0,43.0,0.03337507828811725
33.0,45.0,0.03709432560497715
33.0,48.0,0.00862197125625809
33.0,49.0,0.025181648258293957
33.0,52.0,0.01996807659577179
33.0,53.0,0.01996807659577179
33.0,57.0,0.023323714284710653
33.0,58.0,0.016821577756312225
33.0,59.0,0.04087595596566438
33.0,60.0,0.020198929081169426
33.0,65.0,0.01996807659577179
33.0,67.0,0.014997375688861584
33.0,70.0,0.0220755392844174
33.0,72.0,0.01873171623163388
33.0,73.0,0.0441510785688348
33.0,75.0,0.02271554252121273
33.0,77.0,0.046114297591071635
33.0,78.0,0.021775177815467117
33.0,79.0,0.046829290579084686
33.0,81.0,0.11894651701745165
33.0,82.0,0.04757860680698065
33.0,88.0,0.02503130871608794
33.0,90.0,0.025490637096729083
33.0,91.0,0.025490637096729083
34.0,35.0,0.017716466781757798
34.0,36.0,0.03573708449459316
34.0,38.0,0.7387350017917521
34.0,41.0,0.0335012605086404
34.0,43.0,0.08572408331227327
34.0,45.0,0.09527699174583824
34.0,47.0,0.019849711139180454
34.0,51.0,0.0200643088476282
34.0,52.0,0.041030496993110906
34.0,53.0,0.16412198797244362
34.0,54.0,0.01442474408026385
34.0,57.0,0.011981419244826487
34.0,58.0,0.017282528245507092
34.0,59.0,0.0209980262782904
34.0,60.0,0.02075242687882301
34.0,61.0,0.019849711139180454
34.0,62.0,0.017568209223157664
34.0,63.0,0.020286020648339485
34.0,65.0,0.041030496993110906
34.0,72.0,0.019245008972987525
34.0,73.0,0.022680460581325727
34.0,77.0,0.07106690545187014
34.0,78.0,0.04474373701426829
34.0,81.0,0.024441185836892216
34.0,83.0,0.26885304420581435
34.0,88.0,0.05143444998736397
34.0,91.0,0.026189140043946204
34.0,95.0,0.08006407690254358
34.0,99.0,0.05337605126836238
34.0,100.0,0.02668802563418119
34.0,101.0,0.024845199749997663
34.0,103.0,0.02721655269759086
35.0,36.0,0.03418928299756789
35.0,37.0,0.032050294323210465
35.0,38.0,0.03719683170880682
35.0,40.0,0.04394219057377804
35.0,41.0,0.016025147161605233
35.0,43.0,0.06560904417401638
35.0,44.0,0.015560551102236928
35.0,45.0,0.036460187841548634
35.0,52.0,0.01962671679947149
35.0,56.0,0.01985362279773438
35.0,57.0,0.0687749667999674
35.0,62.0,0.03361463227264072
35.0,65.0,0.01962671679947149
35.0,70.0,0.021698151830137312
35.0,71.0,0.016949152542372885
35.0,73.0,0.021698151830137312
35.0,76.0,0.017094641498783945
35.0,77.0,0.0679889413649005
35.0,79.0,0.023014365447458086
35.0,88.0,0.024603391565256143
35.0,95.0,0.02553214605940827
35.0,97.0,0.06420877537090426
35.0,99.0,0.02553214605940827
35.0,102.0,0.02553214605940827
36.0,37.0,0.016162704595880897
36.0,38.0,0.03751612367420645
36.0,39.0,0.017241379310344824
36.0,40.0,0.07386563946211458
36.0,41.0,0.016162704595880897
36.0,43.0,0.049629166698546515
36.0,45.0,0.0367731565676461
36.0,47.0,0.01915301171270229
36.0,48.0,0.03418928299756789
36.0,52.0,0.0197951895616224
36.0,53.0,0.0197951895616224
36.0,57.0,0.0578044339088637
36.0,59.0,0.02026102246182769
36.0,61.0,0.01915301171270229
36.0,62.0,0.03390317518104052
36.0,66.0,0.02158664458881728
36.0,71.0,0.017094641498783945
36.0,72.0,0.018569533817705184
36.0,73.0,0.04376881095324085
36.0,77.0,0.022857516044124726
36.0,79.0,0.023211917272131483
36.0,82.0,0.023583331531828917
36.0,88.0,0.024814583349273254
36.0,92.0,0.024382992454708537
36.0,93.0,0.024814583349273254
36.0,96.0,0.02526993478596344
36.0,97.0,0.02158664458881728
36.0,103.0,0.02626128657194451
37.0,40.0,0.16618649664935045
37.0,42.0,0.016025147161605233
37.0,44.0,0.014712247158412491
37.0,47.0,0.1077284357109812
37.0,48.0,0.02403772074240785
37.0,49.0,0.03120242514672726
37.0,52.0,0.018556740475630138
37.0,54.0,0.013047671948491468
37.0,59.0,0.018993429409939654
37.0,70.0,0.020515248496555453
37.0,73.0,0.020515248496555453
37.0,75.0,0.0422200330920749
37.0,80.0,0.013196793041081595
37.0,81.0,0.02210788441426909
37.0,82.0,0.02210788441426909
37.0,89.0,0.4433103474667865
37.0,93.0,0.0697863157798853
37.0,101.0,0.022473328748774737
37.0,104.0,0.024140227479263383
38.0,41.0,0.035168997422666486
38.0,43.0,0.03599661647706926
38.0,45.0,0.04000800240080028
38.0,50.0,0.040816326530612235
38.0,51.0,0.02106313659355673
38.0,52.0,0.0430730492253948
38.0,53.0,0.1292191476761844
38.0,57.0,0.012577870090366056
38.0,58.0,0.0181428752857415
38.0,61.0,0.020837855928270654
38.0,62.0,0.01844277783908294
38.0,63.0,0.021295885499998002
38.0,65.0,0.0430730492253948
38.0,73.0,0.023809523809523808
38.0,77.0,0.07460470969529907
38.0,78.0,0.023485569615051043
38.0,81.0,0.025657900289539272
38.0,83.0,0.12828950144769635
38.0,88.0,0.02699746235780194
38.0,95.0,0.02801659073402629
38.0,99.0,0.02801659073402629
38.0,100.0,0.02801659073402629
39.0,41.0,0.032325409191761786
39.0,45.0,0.0367731565676461
39.0,52.0,0.0197951895616224
39.0,53.0,0.039590379123244784
39.0,56.0,0.020024043286581836
39.0,59.0,0.02026102246182769
39.0,62.0,0.2373222262672836
39.0,65.0,0.0197951895616224
39.0,77.0,0.022857516044124726
39.0,78.0,0.06475993376645184
39.0,82.0,0.023583331531828917
39.0,91.0,0.05053986957192688
39.0,92.0,0.024382992454708537
39.0,94.0,0.02575131013123024
39.0,95.0,0.02575131013123024
39.0,97.0,0.02158664458881728
39.0,104.0,0.05150262026246048
40.0,41.0,0.013848874720779206
40.0,44.0,0.013447372472027637
40.0,47.0,0.0328221874205917
40.0,52.0,0.016961338288818958
40.0,59.0,0.03472096642294073
40.0,70.0,0.018751465015433733
40.0,73.0,0.0562543950463012
40.0,75.0,0.03859019663395365
40.0,76.0,0.014773127892422912
40.0,77.0,0.01958526645373186
40.0,79.0,0.01988893210439325
40.0,81.0,0.020207175225248872
40.0,88.0,0.021262162778128115
40.0,92.0,0.020892357824136745
40.0,93.0,0.021262162778128115
40.0,104.0,0.11032394541017196
41.0,45.0,0.017236256333167305
41.0,46.0,0.017766726362967538
41.0,47.0,0.017954739285163532
41.0,50.0,0.017584498711333246
41.0,52.0,0.03711348095126028
41.0,56.0,0.07508510557782777
41.0,57.0,0.010837601479372584
41.0,58.0,0.06253053994807224
41.0,60.0,0.018771276394456943
41.0,61.0,0.053864217855490594
41.0,62.0,0.04767312946227961
41.0,65.0,0.018556740475630138
41.0,66.0,0.04047223292581765
41.0,67.0,0.041812100500354527
41.0,68.0,0.01996807659577179
41.0,71.0,0.032050294323210465
41.0,75.0,0.02111001654603745
41.0,80.0,0.02639358608216319
41.0,91.0,0.04737793696791343
41.0,97.0,0.04047223292581765
41.0,101.0,0.08989331499509895
41.0,105.0,0.021759706994462228
42.0,43.0,0.016402261043504094
42.0,47.0,0.018990004393338027
42.0,52.0,0.01962671679947149
42.0,55.0,0.03970724559546876
42.0,56.0,0.01985362279773438
42.0,73.0,0.06509445549041194
42.0,76.0,0.017094641498783945
42.0,89.0,0.022327214034455325
42.0,92.0,0.04835094770297239
42.0,96.0,0.2756035436010373
42.0,100.0,0.02553214605940827
42.0,101.0,0.023769134427076417
43.0,45.0,0.33519554521581
43.0,52.0,0.07597371763975863
43.0,56.0,0.038426027846949
43.0,83.0,0.06788442333021308
43.0,88.0,0.16666666666666666
43.0,95.0,0.049416621110740085
43.0,96.0,0.0242464322484436
43.0,102.0,0.024708310555370042
43.0,104.0,0.19766648444296034
44.0,48.0,0.007780275551118464
44.0,49.0,0.007574453546558527
44.0,52.0,0.05405624776173354
44.0,55.0,0.05468119624323669
44.0,59.0,0.01844277783908294
44.0,65.0,0.03603749850782236
44.0,67.0,0.02706659809803833
44.0,68.0,0.01938916835823704
44.0,70.0,0.01992047682223989
44.0,71.0,0.031121102204473856
44.0,73.0,0.01992047682223989
44.0,86.0,0.06546536707079771
44.0,87.0,0.17173551629643674
44.0,102.0,0.02344036154692477
45.0,47.0,0.020425184255141667
45.0,50.0,0.020004001200400138
45.0,51.0,0.02064600347538335
45.0,52.0,0.06333004963811235
45.0,53.0,0.10555008273018726
45.0,56.0,0.0213540710879491
45.0,57.0,0.02465755738184364
45.0,58.0,0.03556714970147894
45.0,62.0,0.054232614454664034
45.0,73.0,0.02333800140046683
45.0,76.0,0.01838657828382305
45.0,77.0,0.02437574747090436
45.0,82.0,0.025149772741392844
45.0,83.0,0.07544931822417852
45.0,88.0,0.07938841860374447
45.0,95.0,0.027461751819054487
45.0,97.0,0.023020462775806542
45.0,101.0,0.02556549962824568
45.0,102.0,0.027461751819054487
45.0,104.0,0.16477051091432693
46.0,50.0,0.1649572197684645
46.0,55.0,0.0220112726581406
46.0,60.0,0.0220112726581406
46.0,61.0,0.1684303842133038
46.0,63.0,0.17213259316477408
46.0,64.0,0.0220112726581406
46.0,72.0,0.14288690166235204
46.0,79.0,0.05103103630798287
46.0,84.0,0.0675737378399486
46.0,85.0,0.02635231383473649
46.0,89.0,0.02475368857441686
46.0,94.0,0.08492077756084469
46.0,105.0,0.15309310892394862
47.0,48.0,0.018990004393338027
47.0,49.0,0.01848763648295252
47.0,51.0,0.021506619680967013
47.0,53.0,0.021989974856677124
47.0,55.0,0.022244202665006457
47.0,58.0,0.018524872445114318
47.0,64.0,0.04448840533001292
47.0,70.0,0.04862166383263152
47.0,72.0,0.02062842492517587
47.0,73.0,0.04862166383263152
47.0,75.0,0.07504691899113901
47.0,76.0,0.03830602342540459
47.0,79.0,0.18049871809528886
47.0,80.0,0.03127673715578023
47.0,81.0,0.02619812585311231
47.0,87.0,0.02619812585311231
47.0,93.0,0.027565892320998563
47.0,97.0,0.023980056885558414
47.0,98.0,0.027086448924394324
47.0,99.0,0.028606478384531155
47.0,100.0,0.028606478384531155
47.0,102.0,0.05721295676906231
48.0,49.0,0.8456646678886859
48.0,56.0,0.01985362279773438
48.0,59.0,0.010044292546128849
48.0,65.0,0.009813358399735746
48.0,73.0,0.0759435314054806
48.0,79.0,0.011507182723729043
49.0,55.0,0.009664204219008429
49.0,65.0,0.019107505086717092
49.0,72.0,0.008962214298964417
49.0,73.0,0.04224828336829853
49.0,79.0,0.022405535747411044
49.0,82.0,0.022764047083428086
50.0,51.0,0.02106313659355673
50.0,52.0,0.0215365246126974
50.0,55.0,0.021785510047514955
50.0,58.0,0.0181428752857415
50.0,60.0,0.04357102009502991
50.0,61.0,0.12502713556962392
50.0,63.0,0.06388765649999399
50.0,67.0,0.016175386202065652
50.0,68.0,0.02317448873296608
50.0,69.0,0.02258769757263128
50.0,70.0,0.07142857142857142
50.0,72.0,0.08081220356417686
50.0,76.0,0.018758061837103226
50.0,85.0,0.052164053095730106
50.0,89.0,0.02449979787750126
50.0,102.0,0.05603318146805258
50.0,104.0,0.02801659073402629
51.0,52.0,0.04445542244743871
51.0,53.0,0.022227711223719356
51.0,58.0,0.018725147156828454
51.0,60.0,0.0224846875206644
51.0,61.0,0.021506619680967013
51.0,69.0,0.1165631010300392
51.0,70.0,0.024573659359149524
51.0,74.0,0.02528608687120868
51.0,75.0,0.02528608687120868
51.0,82.0,0.026481357066618805
51.0,90.0,0.3121273946115411
51.0,94.0,0.028915746598312014
51.0,95.0,0.028915746598312014
51.0,99.0,0.028915746598312014
51.0,103.0,0.1179535649239177
51.0,104.0,0.028915746598312014
51.0,105.0,0.026064301757134343
52.0,53.0,0.06818181818181818
52.0,55.0,0.022990024493585143
52.0,56.0,0.06897007348075544
52.0,57.0,0.013273296830047474
52.0,58.0,0.09572994763343544
52.0,59.0,0.023262105259961773
52.0,61.0,0.04397994971335425
52.0,63.0,0.022473328748774737
52.0,66.0,0.024784079854830488
52.0,67.0,0.017069718549972968
52.0,69.0,0.04767312946227962
52.0,73.0,0.07537783614444091
52.0,75.0,0.05170876899950192
52.0,79.0,0.026650089544451302
52.0,82.0,0.05415303610738823
52.0,83.0,0.02707651805369412
52.0,86.0,0.027524094128159017
52.0,87.0,0.02707651805369412
52.0,88.0,0.05698028822981897
52.0,91.0,0.08703882797784893
52.0,95.0,0.14782809899727065
52.0,100.0,0.08869685939836239
52.0,102.0,0.029565619799454133
52.0,104.0,0.029565619799454133
53.0,54.0,0.015980069302514832
53.0,58.0,0.057437968580061276
53.0,59.0,0.06978631577988531
53.0,60.0,0.022990024493585143
53.0,62.0,0.058387420812114225
53.0,69.0,0.02383656473113981
53.0,73.0,0.025125945381480302
53.0,77.0,0.0262431940540739
53.0,78.0,0.09913631941932197
53.0,83.0,0.05415303610738823
53.0,91.0,0.08703882797784893
53.0,94.0,0.029565619799454133
53.0,95.0,0.11826247919781653
53.0,97.0,0.024784079854830488
53.0,100.0,0.029565619799454133
53.0,101.0,0.055048188256318034
53.0,103.0,0.03015113445777636
53.0,104.0,0.029565619799454133
54.0,70.0,0.017666631333439334
54.0,72.0,0.05996253511966891
54.0,74.0,0.05453644100254488
54.0,75.0,0.05453644100254488
54.0,78.0,0.017426257801887127
54.0,89.0,0.01817881366751496
54.0,90.0,0.020399668712070152
54.0,92.0,0.01968366647947391
54.0,102.0,0.04157653749630318
55.0,57.0,0.040280251338811114
55.0,58.0,0.019367337799588283
55.0,63.0,0.022733144649015786
55.0,65.0,0.045980048987170286
55.0,66.0,0.05014122105639002
55.0,68.0,0.0989541391990587
55.0,70.0,0.025416428388767447
55.0,71.0,0.01985362279773438
55.0,73.0,0.025416428388767447
55.0,75.0,0.026153289048297074
55.0,79.0,0.026958193300859603
55.0,85.0,0.027842302319485226
55.0,86.0,0.027842302319485226
55.0,87.0,0.02738955178323884
55.0,88.0,0.02881952088521175
55.0,95.0,0.029907430227728963
55.0,100.0,0.029907430227728963
56.0,58.0,0.05810201339876483
56.0,62.0,0.019687480773953943
56.0,64.0,0.023255813953488372
56.0,65.0,0.022990024493585143
56.0,66.0,0.02507061052819501
56.0,68.0,0.024738534799764674
56.0,73.0,0.025416428388767447
56.0,75.0,0.026153289048297074
56.0,76.0,0.020024043286581836
56.0,77.0,0.053093187320189895
56.0,82.0,0.02738955178323884
56.0,88.0,0.02881952088521175
56.0,91.0,0.17609018126512474
56.0,97.0,0.02507061052819501
56.0,101.0,0.05568460463897045
57.0,59.0,0.027171304864640745
57.0,68.0,0.01428279972600106
57.0,73.0,0.02934836354418746
57.0,76.0,0.023121773563545483
57.0,77.0,0.015326682995723429
57.0,78.0,0.014474523737201657
57.0,81.0,0.03162673019007228
57.0,82.0,0.015813365095036138
57.0,86.0,0.016074760739013736
57.0,92.0,0.032699125759685706
57.0,101.0,0.03214952147802747
58.0,59.0,0.039193090083481034
58.0,69.0,0.020080483222562468
58.0,79.0,0.02245066275334686
58.0,81.0,0.022809896167307987
58.0,82.0,0.022809896167307987
58.0,83.0,0.022809896167307987
58.0,91.0,0.09776474334756886
58.0,92.0,0.023583331531828917
58.0,95.0,0.1245338703466795
58.0,100.0,0.024906774069335898
58.0,102.0,0.024906774069335898
58.0,103.0,0.0254000254000381
58.0,104.0,0.024906774069335898
59.0,67.0,0.0349428278907306
59.0,69.0,0.024397501823713325
59.0,71.0,0.04017717018451539
59.0,74.0,0.05292561240249631
59.0,75.0,0.07938841860374447
59.0,76.0,0.04052204492365539
59.0,78.0,0.025367314471592056
59.0,81.0,0.027713699773684663
59.0,82.0,0.08314109932105399
59.0,83.0,0.027713699773684663
59.0,87.0,0.055427399547369326
59.0,90.0,0.029695693545824933
59.0,91.0,0.059391387091649865
59.0,95.0,0.030261376633440126
59.0,97.0,0.025367314471592056
59.0,98.0,0.08596023825918793
59.0,102.0,0.030261376633440126
60.0,61.0,0.022244202665006457
60.0,64.0,0.023255813953488372
60.0,66.0,0.02507061052819501
60.0,69.0,0.02411214110852061
60.0,80.0,0.032699125759685706
60.0,85.0,0.027842302319485226
60.0,94.0,0.08972229068318688
60.0,95.0,0.029907430227728963
60.0,101.0,0.027842302319485226
60.0,103.0,0.030499714066520932
61.0,63.0,0.17395415281425125
61.0,68.0,0.047324852428030105
61.0,72.0,0.08251369970070348
61.0,84.0,0.034144411881334824
61.0,85.0,0.02663118206456537
61.0,90.0,0.028071730702217298
61.0,92.0,0.027086448924394324
61.0,94.0,0.028606478384531155
61.0,97.0,0.023980056885558414
61.0,105.0,0.4899250919729268
62.0,64.0,0.019687480773953943
62.0,65.0,0.019462473604038074
62.0,69.0,0.02041241452319315
62.0,77.0,0.04494665749754948
62.0,78.0,0.021223817998900447
62.0,79.0,0.04564354645876383
62.0,82.0,0.023186944788008416
62.0,86.0,0.023570226039551584
62.0,101.0,0.023570226039551584
62.0,104.0,0.07595545253127499
63.0,68.0,0.024182541670333724
63.0,72.0,0.04216370213557839
63.0,79.0,0.02635231383473649
63.0,84.0,0.01744746408634046
63.0,85.0,0.05443310539518173
63.0,94.0,0.08770580193070293
63.0,105.0,0.21081851067789192
64.0,65.0,0.045980048987170286
64.0,68.0,0.04947706959952935
64.0,69.0,0.02411214110852061
64.0,70.0,0.025416428388767447
64.0,74.0,0.026153289048297074
64.0,82.0,0.054779103566477666
64.0,85.0,0.05568460463897045
64.0,90.0,0.02934836354418746
64.0,94.0,0.08972229068318688
64.0,99.0,0.029907430227728963
64.0,102.0,0.059814860455457926
64.0,103.0,0.030499714066520932
65.0,66.0,0.024784079854830488
65.0,68.0,0.024455799402225926
65.0,70.0,0.07537783614444091
65.0,71.0,0.01962671679947149
65.0,77.0,0.0262431940540739
65.0,81.0,0.02707651805369412
65.0,82.0,0.05415303610738823
65.0,83.0,0.08122955416108235
65.0,85.0,0.027524094128159017
65.0,99.0,0.11826247919781653
65.0,103.0,0.03015113445777636
66.0,67.0,0.037229039552497005
66.0,75.0,0.02819419372173005
66.0,93.0,0.09320546490017999
66.0,98.0,0.06105625108726636
67.0,71.0,0.2358558624062113
67.0,75.0,0.01941839093451543
67.0,80.0,0.07283570407292296
67.0,82.0,0.0203362958695521
67.0,84.0,0.01325230030201158
67.0,87.0,0.0203362958695521
68.0,70.0,0.05407380704358752
68.0,74.0,0.027820744203732862
68.0,85.0,0.17770466332772772
68.0,86.0,0.02961744388795462
68.0,103.0,0.03244428422615251
68.0,105.0,0.057353933467640436
69.0,83.0,0.02839809171235324
69.0,87.0,0.02839809171235324
69.0,90.0,0.030429030972509218
69.0,91.0,0.09128709291752768
69.0,102.0,0.03100868364730212
69.0,103.0,0.031622776601683784
70.0,74.0,0.028583097523751468
70.0,76.0,0.04376881095324085
70.0,85.0,0.060858061945018464
70.0,86.0,0.030429030972509232
70.0,99.0,0.09805806756909202
71.0,87.0,0.023382618677247783
71.0,90.0,0.05010973520018859
71.0,91.0,0.05010973520018859
71.0,103.0,0.02603778219616477
72.0,74.0,0.0485071250072666
72.0,75.0,0.024253562503633298
72.0,79.0,0.024999999999999998
72.0,84.0,0.033104235544094716
72.0,100.0,0.05547001962252291
72.0,105.0,0.024999999999999998
73.0,75.0,0.028583097523751468
73.0,79.0,0.08838834764831842
73.0,87.0,0.02993421700446249
73.0,88.0,0.0314970394174356
73.0,92.0,0.03094922302950865
73.0,95.0,0.06537204504606135
73.0,100.0,0.06537204504606135
74.0,82.0,0.030802055181684874
74.0,86.0,0.03131121455425747
74.0,87.0,0.030802055181684874
74.0,99.0,0.03363363969981562
74.0,101.0,0.03131121455425747
74.0,102.0,0.03363363969981562
74.0,103.0,0.03429971702850177
75.0,76.0,0.022518867455552247
75.0,79.0,0.12126781251816647
75.0,81.0,0.030802055181684874
75.0,82.0,0.030802055181684874
75.0,84.0,0.020072391147592503
75.0,90.0,0.06600983619844494
75.0,95.0,0.03363363969981562
75.0,98.0,0.0318464877649241
75.0,100.0,0.03363363969981562
76.0,81.0,0.023583331531828917
76.0,86.0,0.09589266029707684
76.0,97.0,0.02158664458881728
77.0,81.0,0.03126526997403612
77.0,87.0,0.03126526997403612
77.0,91.0,0.0335012605086404
77.0,97.0,0.028618190351607124
78.0,83.0,0.029526929767874632
78.0,84.0,0.01924144607210113
78.0,91.0,0.06327719971683328
79.0,80.0,0.01895245108947258
79.0,92.0,0.032826608214930636
79.0,100.0,0.03466876226407682
80.0,87.0,0.019255709562623336
80.0,89.0,0.01838657828382305
80.0,99.0,0.021025856676559
81.0,82.0,0.03225806451612904
81.0,83.0,0.03225806451612904
81.0,87.0,0.03225806451612904
81.0,100.0,0.03522349768381735
82.0,86.0,0.03279129178919765
82.0,91.0,0.034565056491014184
82.0,95.0,0.03522349768381735
82.0,97.0,0.029526929767874632
82.0,99.0,0.0704469953676347
82.0,102.0,0.03522349768381735
83.0,88.0,0.1018266349953196
83.0,91.0,0.034565056491014184
83.0,95.0,0.0704469953676347
83.0,99.0,0.03522349768381735
83.0,100.0,0.0704469953676347
84.0,87.0,0.02102121059172125
84.0,94.0,0.022953657440244437
84.0,105.0,0.0827605888602368
85.0,105.0,0.03227486121839514
86.0,99.0,0.0716114874039433
87.0,90.0,0.034565056491014184
87.0,102.0,0.03522349768381735
88.0,104.0,0.14824986333222026
89.0,93.0,0.06482037235521643
89.0,101.0,0.03131121455425747
90.0,103.0,0.03849001794597505
90.0,105.0,0.03402069087198858
91.0,94.0,0.03774256780481986
91.0,95.0,0.07548513560963972
91.0,103.0,0.03849001794597505
92.0,98.0,0.03448275862068966
92.0,100.0,0.07283570407292297
92.0,101.0,0.033903175181040524
93.0,100.0,0.037062465833055065
95.0,100.0,0.038461538461538464
95.0,102.0,0.038461538461538464
95.0,103.0,0.039223227027636816
100.0,101.0,0.03580574370197165
